100030,78.0,0.0,838.59
100032,69.0,0.0,1119.8600000000001
100034,4.0,0.0,64.75
100040,0.0,0.0,0.0
100060,247.0,0.0,4801.76
100062,190.0,0.0,2418.4900000000002
100124,0.0,0.0,0.0
100125,117.0,0.0,2726.73
100126,161.0,0.0,4065.1600000000003
100151,88.0,0.0,2262.54
100156,25.0,0.0,721.04
100160,0.0,0.0,0.0
100162,0.0,0.0,0.0
100170,0.0,0.0,0.0
100300,0.0,0.0,0.0
100331,40.0,0.0,1030.69
100333,66.0,0.0,1782.1799999999998
100341,39.0,0.0,1001.9000000000001
100343,19.0,0.0,566.2
100345,22.0,0.0,585.9000000000001
100347,42.0,0.0,1373.4099999999999
100400,0.0,0.0,0.0
100401,0.0,0.0,0.0
100402,0.0,0.0,0.0
100406,0.0,0.0,0.0
100410,0.0,0.0,0.0
100440,0.0,0.0,0.0
100441,0.0,0.0,0.0
100442,0.0,0.0,0.0
100444,0.0,0.0,0.0
100445,0.0,0.0,0.0
100500,0.0,0.0,0.0
100502,0.0,0.0,0.0
100504,0.0,0.0,0.0
100506,0.0,0.0,0.0
100510,0.0,0.0,0.0
100512,0.0,0.0,0.0
100514,0.0,0.0,0.0
100516,0.0,0.0,0.0
100518,0.0,0.0,0.0
100520,0.0,0.0,0.0
100522,0.0,0.0,0.0
100524,0.0,0.0,0.0
100552,0.0,0.0,0.0
100560,4.0,0.0,401.12
100562,0.0,0.0,0.0
100564,0.0,0.0,0.0
100570,0.0,0.0,0.0
100574,0.0,0.0,0.0
100576,0.0,0.0,0.0
100600,0.0,0.0,0.0
100602,0.0,0.0,0.0
100604,0.0,0.0,0.0
100606,71.0,0.0,514.9
100608,41.0,0.0,321.83
100610,77.0,0.0,553.76
100612,69.0,0.0,444.11
100920,0.0,0.0,0.0
100930,0.0,0.0,0.0
100940,0.0,0.0,0.0
100950,0.0,0.0,0.0
100960,0.0,0.0,0.0
100970,0.0,0.0,0.0
100980,0.0,0.0,0.0
101019,35.0,0.0,902.8
101021,66.0,0.0,1706.67
101030,0.0,0.0,0.0
101120,86.0,0.0,1529.3700000000001
101140,234.0,0.0,9472.54
101150,97.0,0.0,5366.91
101152,455.0,0.0,17914.93
101155,294.0,0.0,16171.8
101200,137.0,0.0,5459.44
101202,281.0,0.0,12014.689999999999
101204,179.0,0.0,7644.46
101300,0.0,0.0,0.0
102025,0.0,0.0,0.0
102500,0.0,0.0,0.0
102800,0.0,0.0,0.0
102802,0.0,0.0,0.0
102806,0.0,0.0,0.0
102808,0.0,0.0,0.0
102810,0.0,0.0,0.0
102821,0.0,0.0,0.0
102822,0.0,0.0,0.0
102830,0.0,0.0,0.0
102860,71.0,0.0,1582.83
102862,0.0,0.0,0.0
102900,579.0,0.0,21697.489999999998
102902,115.0,0.0,6432.63
103220,125.0,0.0,3609.7
103249,38.0,0.0,429.69000000000005
103261,83.0,0.0,1046.19
103263,0.0,0.0,0.0
103265,0.0,0.0,0.0
103300,83.0,0.0,3574.17
103310,0.0,0.0,0.0
103320,0.0,0.0,0.0
103330,244.0,0.0,6212.36
103331,309.0,0.0,7734.46
103332,313.0,0.0,7921.139999999999
103333,284.0,0.0,7112.66
104030,0.0,0.0,0.0
104040,0.0,0.0,0.0
105002,7.0,0.0,89.66
105003,0.0,0.0,0.0
105004,0.0,0.0,0.0
105005,0.0,0.0,0.0
106100,0.0,0.0,0.0
106120,0.0,0.0,0.0
106122,0.0,0.0,0.0
106124,0.0,0.0,0.0
106130,0.0,0.0,0.0
106132,0.0,0.0,0.0
106134,0.0,0.0,0.0
108200,0.0,0.0,0.0
108316,66.0,0.0,1887.7000000000003
108318,28.0,0.0,496.54
108400,0.0,0.0,0.0
108404,0.0,0.0,0.0
108406,68.0,0.0,1063.6799999999998
108410,27.0,0.0,344.84
108660,7.0,0.0,88.81
108800,55.0,0.0,2425.3
108802,62.0,0.0,3259.16
108804,43.0,0.0,608.76
108812,42.0,0.0,580.8
108830,0.0,0.0,0.0
108840,78.0,0.0,1130.88
108842,24.0,0.0,382.41
108845,0.0,0.0,0.0
108846,0.0,0.0,0.0
108847,0.0,0.0,0.0
108848,0.0,0.0,0.0
108849,0.0,0.0,0.0
108904,0.0,0.0,0.0
109002,1.0,0.0,30.81
109004,1.0,0.0,21.68
109006,2.0,0.0,51.42
109010,0.0,0.0,0.0
109016,54.0,0.0,1742.3600000000001
109020,39.0,0.0,182.62
109022,54.0,0.0,459.95000000000005
109024,36.0,0.0,456.6
109030,69.0,0.0,398.71000000000004
109032,53.0,0.0,549.6
109034,69.0,0.0,1026.35
109040,70.0,0.0,322.03999999999996
109042,42.0,0.0,356.29999999999995
109044,57.0,0.0,709.1000000000001
109920,0.0,0.0,0.0
110001,0.0,0.0,0.0
110012,0.0,0.0,0.0
110120,0.0,0.0,0.0
110130,0.0,0.0,0.0
110131,0.0,0.0,0.0
110132,0.0,0.0,0.0
110134,0.0,0.0,0.0
110135,0.0,0.0,0.0
110136,0.0,0.0,0.0
110137,0.0,0.0,0.0
110138,0.0,0.0,0.0
110139,0.0,0.0,0.0
111120,72.0,0.0,1536.01
111130,122.0,0.0,2304.81
111131,70.0,0.0,1319.75
111132,70.0,0.0,1277.12
111134,55.0,0.0,1058.7
111136,52.0,0.0,979.53
111137,0.0,0.0,0.0
111138,61.0,0.0,1158.31
111139,55.0,0.0,1059.81
112001,0.0,0.0,0.0
112002,0.0,0.0,0.0
112005,0.0,0.0,0.0
112007,0.0,0.0,0.0
112009,0.0,0.0,0.0
112012,0.0,0.0,0.0
112039,0.0,0.0,0.0
112075,0.0,0.0,0.0
120010,0.0,0.0,0.0
120020,0.0,0.0,0.0
120021,0.0,0.0,0.0
120022,0.0,0.0,0.0
120023,0.0,0.0,0.0
120024,0.0,0.0,0.0
120025,0.0,0.0,0.0
122001,0.0,0.0,0.0
122002,0.0,0.0,0.0
122005,0.0,0.0,0.0
122007,0.0,0.0,0.0
122009,0.0,0.0,0.0
122012,0.0,0.0,0.0
122039,0.0,0.0,0.0
122064,0.0,0.0,0.0
122070,0.0,0.0,0.0
122075,0.0,0.0,0.0
122101,0.0,0.0,0.0
122102,0.0,0.0,0.0
122105,0.0,0.0,0.0
122107,0.0,0.0,0.0
122112,0.0,0.0,0.0
122175,0.0,0.0,0.0
123010,0.0,0.0,0.0
123311,0.0,0.0,0.0
123312,0.0,0.0,0.0
123401,0.0,0.0,0.0
123402,0.0,0.0,0.0
123403,0.0,0.0,0.0
123406,0.0,0.0,0.0
123407,0.0,0.0,0.0
123502,0.0,0.0,0.0
123504,0.0,0.0,0.0
123506,0.0,0.0,0.0
123508,0.0,0.0,0.0
127010,0.0,0.0,0.0
127012,0.0,0.0,0.0
127014,0.0,0.0,0.0
127016,0.0,0.0,0.0
127018,297.0,0.0,17527.3
127020,99.0,0.0,4975.74
127022,0.0,0.0,0.0
127024,0.0,0.0,0.0
127026,0.0,0.0,0.0
127100,0.0,0.0,0.0
127102,3026.0,0.0,162811.63
127200,0.0,0.0,0.0
127202,6.0,0.0,230.28
127204,56.0,0.0,1537.83
127514,0.0,0.0,0.0
143125,5608.0,0.0,86934.96
143128,0.0,0.0,0.0
143150,2151.0,0.0,65755.3
143151,490.0,0.0,15844.789999999999
143158,0.0,0.0,0.0
143320,0.0,0.0,0.0
143325,16917.0,0.0,267948.82
143328,0.0,0.0,0.0
143350,6846.0,0.0,216121.53999999998
143351,1059.0,0.0,34353.8
143358,0.0,0.0,0.0
143365,14682.0,0.0,296772.73
143425,0.0,0.0,0.0
143428,0.0,0.0,0.0
143458,0.0,0.0,0.0
143525,0.0,0.0,0.0
143550,0.0,0.0,0.0
143552,0.0,0.0,0.0
143565,0.0,0.0,0.0
143625,0.0,0.0,0.0
143631,0.0,0.0,0.0
143650,0.0,0.0,0.0
143651,528.0,0.0,16836.9
143652,1496.0,0.0,29881.410000000003
143665,1499.0,0.0,29447.38
143725,4002.0,0.0,52930.590000000004
143728,0.0,0.0,0.0
143750,2502.0,0.0,64936.049999999996
143751,303.0,0.0,8281.71
143758,0.0,0.0,0.0
143765,1215.0,0.0,21725.39
143775,294.0,0.0,9938.02
143785,269.0,0.0,4237.2
143852,0.0,0.0,0.0
143865,697.0,0.0,15023.59
143875,974.0,0.0,28842.39
143885,298.0,0.0,8266.36
143925,4671.0,0.0,42216.29
143965,944.0,0.0,11140.95
144125,0.0,0.0,0.0
144128,0.0,0.0,0.0
144150,0.0,0.0,0.0
144151,0.0,0.0,0.0
144158,0.0,0.0,0.0
144325,0.0,0.0,0.0
144328,0.0,0.0,0.0
144350,0.0,0.0,0.0
144358,0.0,0.0,0.0
144365,0.0,0.0,0.0
144525,0.0,0.0,0.0
144550,0.0,0.0,0.0
144925,0.0,0.0,0.0
144965,0.0,0.0,0.0
150222,0.0,0.0,0.0
150230,434.0,0.0,15218.560000000001
150232,392.0,0.0,14117.720000000001
150250,357.0,0.0,6400.59
152800,0.0,0.0,0.0
152802,0.0,0.0,0.0
153004,0.0,0.0,0.0
153006,0.0,0.0,0.0
153008,0.0,0.0,0.0
153009,0.0,0.0,0.0
153010,0.0,0.0,0.0
153030,0.0,0.0,0.0
153334,0.0,0.0,0.0
153336,0.0,0.0,0.0
153338,0.0,0.0,0.0
153339,0.0,0.0,0.0
153400,38.0,0.0,481.18
153401,46.0,0.0,523.5
153410,0.0,0.0,0.0
153411,0.0,0.0,0.0
153412,0.0,0.0,0.0
153500,462.0,0.0,19168.809999999998
153501,256.0,0.0,10551.55
153510,307.0,0.0,12724.55
153511,248.0,0.0,10233.65
153520,133.0,0.0,5401.03
153521,281.0,0.0,11222.41
153525,344.0,0.0,23384.8
153530,346.0,0.0,19178.49
153535,343.0,0.0,22055.25
153702,1823.0,0.0,36053.270000000004
153703,4269.0,0.0,84834.78
153704,0.0,0.0,0.0
153705,964.0,0.0,18995.45
153706,0.0,0.0,0.0
153708,0.0,0.0,0.0
153710,1434.0,0.0,29280.050000000003
153712,1392.0,0.0,26845.84
153720,0.0,0.0,0.0
153723,0.0,0.0,0.0
153728,896.0,0.0,12082.91
153730,0.0,0.0,0.0
153750,0.0,0.0,0.0
153801,11.0,0.0,210.21
153802,0.0,0.0,0.0
153803,19.0,0.0,317.96999999999997
153805,106.0,0.0,2000.35
153810,23.0,0.0,429.10999999999996
154010,270.0,0.0,3641.5000000000005
156704,0.0,0.0,0.0
156706,0.0,0.0,0.0
157902,0.0,0.0,0.0
157903,0.0,0.0,0.0
159713,0.0,0.0,0.0
159718,0.0,0.0,0.0
167000,0.0,0.0,0.0
167002,0.0,0.0,0.0
167003,0.0,0.0,0.0
167004,0.0,0.0,0.0
167005,0.0,0.0,0.0
167007,0.0,0.0,0.0
167008,0.0,0.0,0.0
167010,0.0,0.0,0.0
167012,0.0,0.0,0.0
167016,0.0,0.0,0.0
167018,0.0,0.0,0.0
167020,0.0,0.0,0.0
167022,0.0,0.0,0.0
167025,0.0,0.0,0.0
167032,0.0,0.0,0.0
167038,0.0,0.0,0.0
167044,0.0,0.0,0.0
167104,0.0,0.0,0.0
167108,0.0,0.0,0.0
167130,0.0,0.0,0.0
167140,0.0,0.0,0.0
167142,0.0,0.0,0.0
167144,0.0,0.0,0.0
167250,0.0,0.0,0.0
167300,0.0,0.0,0.0
167302,0.0,0.0,0.0
167310,0.0,0.0,0.0
167320,0.0,0.0,0.0
167400,940.0,0.0,110355.67
167402,334.0,0.0,30417.660000000003
167405,0.0,0.0,0.0
167410,98.0,0.0,2457.91
167412,289.0,0.0,13069.41
167414,361.0,0.0,15836.220000000001
167415,265.0,0.0,5832.9400000000005
167416,888.0,0.0,34125.23
167418,785.0,0.0,29501.030000000002
167420,127.0,0.0,8145.219999999999
167424,62.0,0.0,2374.79
167426,702.0,0.0,24254.4
167502,119.0,0.0,3264.07
167504,121.0,0.0,4946.78
167506,169.0,0.0,8267.02
167508,333.0,0.0,18569.06
167510,0.0,0.0,0.0
167514,623.0,0.0,22737.48
167524,263.0,0.0,10406.369999999999
167528,0.0,0.0,0.0
167540,326.0,0.0,8278.000000000002
167550,0.0,0.0,0.0
167600,361.0,0.0,9524.080000000002
167601,315.0,0.0,7689.22
167602,114.0,0.0,4103.43
167603,134.0,0.0,5481.21
167604,40.0,0.0,951.7800000000001
167606,0.0,0.0,0.0
167610,427.0,0.0,8221.730000000001
167900,513.0,0.0,47026.659999999996
167910,167.0,0.0,7591.099999999999
167920,603.0,0.0,26267.59
167921,286.0,0.0,13322.260000000002
167922,796.0,0.0,37824.1
167923,421.0,0.0,27629.38
167925,77.0,0.0,2770.3100000000004
167926,71.0,0.0,2397.5200000000004
167928,87.0,0.0,3170.17
167930,287.0,0.0,10424.67
167931,185.0,0.0,7310.19
167932,310.0,0.0,12210.88
167950,104.0,0.0,4024.01
167968,0.0,0.0,0.0
167982,0.0,0.0,0.0
170010,0.0,0.0,0.0
170011,0.0,0.0,0.0
170400,277.0,0.0,4206.07
170401,132.0,0.0,3763.44
170402,45.0,0.0,1163.19
170403,58.0,0.0,2051.54
170404,408.0,0.0,8407.08
170501,0.0,0.0,0.0
170502,0.0,0.0,0.0
170505,0.0,0.0,0.0
170520,0.0,0.0,0.0
177000,448.0,0.0,8540.079999999998
177001,494.0,0.0,9454.560000000001
184002,0.0,0.0,0.0
184004,0.0,0.0,0.0
184006,0.0,0.0,0.0
184010,0.0,0.0,0.0
184012,0.0,0.0,0.0
184014,0.0,0.0,0.0
184020,0.0,0.0,0.0
184022,0.0,0.0,0.0
184030,0.0,0.0,0.0
184040,0.0,0.0,0.0
184050,0.0,0.0,0.0
184060,0.0,0.0,0.0
187200,0.0,0.0,0.0
187201,0.0,0.0,0.0
187202,0.0,0.0,0.0
187203,0.0,0.0,0.0
187204,0.0,0.0,0.0
187205,0.0,0.0,0.0
187206,0.0,0.0,0.0
187207,0.0,0.0,0.0
187208,0.0,0.0,0.0
190010,3955.0,0.0,53822.57
190012,0.0,0.0,0.0
190015,440.0,0.0,5385.95
190016,0.0,0.0,0.0
190020,2151.0,0.0,15275.1
190022,1992.0,0.0,14446.05
190025,444.0,0.0,3353.3300000000004
190030,982.0,0.0,8526.76
190035,0.0,0.0,0.0
190040,68.0,0.0,880.6800000000001
190045,0.0,0.0,0.0
190050,196.0,0.0,2426.76
190060,85.0,0.0,825.1600000000001
190062,43.0,0.0,624.4300000000001
190064,4.0,0.0,57.25
190100,1301.0,0.0,18911.66
191010,0.0,0.0,0.0
200100,0.0,0.0,0.0
200200,0.0,0.0,0.0
201010,0.0,0.0,0.0
201100,0.0,0.0,0.0
201120,0.0,0.0,0.0
201130,0.0,0.0,0.0
201200,0.0,0.0,0.0
202010,0.0,0.0,0.0
203100,0.0,0.0,0.0
203101,0.0,0.0,0.0
203102,0.0,0.0,0.0
203103,0.0,0.0,0.0
203104,379.0,0.0,3741.05
203106,324.0,0.0,3201.88
203110,328.0,0.0,3286.7699999999995
203111,101.0,0.0,1012.9
203112,291.0,0.0,2912.2599999999998
203113,237.0,0.0,2374.44
203114,102.0,0.0,1019.94
203115,0.0,0.0,0.0
203116,133.0,0.0,1329.5
203120,181.0,0.0,8417.49
203121,87.0,0.0,4055.9
203122,0.0,0.0,0.0
203130,146.0,0.0,1534.3600000000001
203131,167.0,0.0,1757.76
203132,174.0,0.0,1832.56
203135,205.0,0.0,2123.1600000000003
203137,337.0,0.0,3480.51
203139,217.0,0.0,2240.97
203140,56.0,0.0,490.79999999999995
203141,42.0,0.0,368.70000000000005
203142,85.0,0.0,745.3399999999999
203143,60.0,0.0,524.98
203150,32.0,0.0,1180.2200000000003
203151,34.0,0.0,1254.3300000000002
203160,140.0,0.0,7558.42
203161,110.0,0.0,5953.389999999999
203170,116.0,0.0,1154.4
205300,0.0,0.0,0.0
205304,0.0,0.0,0.0
205306,0.0,0.0,0.0
210100,65.0,0.0,1700.6799999999998
210150,256.0,0.0,4403.45
210152,224.0,0.0,1906.2600000000002
210153,311.0,0.0,5350.97
210154,909.0,0.0,7685.869999999999
210155,143.0,0.0,3352.56
210156,91.0,0.0,971.23
210158,55.0,0.0,474.3
210159,351.0,0.0,7033.070000000001
210160,3.0,0.0,59.400000000000006
210172,3.0,0.0,3.54
210174,31.0,0.0,68.89999999999999
210200,2897.0,0.0,76544.75
210202,1787.0,0.0,47113.99
210204,1599.0,0.0,42171.4
210206,2286.0,0.0,61768.31
210208,858.0,0.0,23319.75
210210,217.0,0.0,5899.15
210212,180.0,0.0,4889.06
210214,193.0,0.0,5228.44
210215,224.0,0.0,5866.5
210216,111.0,0.0,3004.86
210218,576.0,0.0,15199.72
210220,386.0,0.0,10126.75
210222,95.0,0.0,2549.66
210224,31.0,0.0,821.78
210226,288.0,0.0,6760.84
210228,220.0,0.0,5072.48
210230,253.0,0.0,2640.5699999999997
210232,369.0,0.0,3823.95
210236,68.0,0.0,714.21
210238,190.0,0.0,1724.3
210239,247.0,0.0,2579.8300000000004
210240,245.0,0.0,22156.2
210243,0.0,0.0,0.0
210244,0.0,0.0,0.0
210245,295.0,0.0,14858.189999999999
210246,28.0,0.0,729.25
210247,0.0,0.0,0.0
210250,993.0,0.0,19409.67
210251,131.0,0.0,2580.75
210252,546.0,0.0,10688.24
210253,351.0,0.0,6899.599999999999
210254,306.0,0.0,6486.320000000001
210256,86.0,0.0,1695.04
210257,87.0,0.0,1700.9299999999998
210258,88.0,0.0,1729.03
210259,314.0,0.0,6143.819999999999
210260,5238.0,0.0,121926.45000000001
210261,499.0,0.0,11689.28
210262,746.0,0.0,17258.83
210263,1679.0,0.0,78070.73999999999
210264,112.0,0.0,4078.1499999999996
210265,0.0,0.0,0.0
210266,97.0,0.0,2361.0
210267,103.0,0.0,2517.85
210268,123.0,0.0,3343.38
210269,143.0,0.0,3500.6099999999997
210270,25.0,0.0,603.91
210272,75.0,0.0,1822.88
210274,55.0,0.0,1349.22
210276,4.0,0.0,93.28
210278,50.0,0.0,1219.07
210279,54.0,0.0,1312.37
210280,63.0,0.0,1829.79
210281,526.0,0.0,12196.43
210282,748.0,0.0,19112.86
210283,20.0,0.0,472.2
210284,29.0,0.0,774.31
210290,0.0,0.0,0.0
210292,0.0,0.0,0.0
210300,0.0,0.0,0.0
210302,0.0,0.0,0.0
210308,0.0,0.0,0.0
210309,0.0,0.0,0.0
210310,128.0,0.0,4668.62
210312,129.0,0.0,4751.25
210320,16.0,0.0,209.28
210322,68.0,0.0,497.69999999999993
210324,24.0,0.0,324.68000000000006
210326,0.0,0.0,0.0
210328,41.0,0.0,269.69
210330,53.0,0.0,390.02000000000004
210331,0.0,0.0,0.0
210332,0.0,0.0,0.0
210333,0.0,0.0,0.0
210400,8.0,0.0,80.93
210402,2.0,0.0,10.96
210404,7.0,0.0,107.96000000000001
210406,12.0,0.0,647.28
210408,14.0,0.0,75.23
210560,786.0,0.0,35227.15
210561,41.0,0.0,177.1
210563,17.0,0.0,494.47999999999996
210564,0.0,0.0,0.0
210583,10.0,0.0,41.9
210584,14.0,0.0,68.88
210600,29.0,0.0,751.8599999999999
210602,0.0,0.0,0.0
210603,0.0,0.0,0.0
210610,59.0,0.0,1556.0500000000002
210710,170.0,0.0,1747.99
210712,76.0,0.0,786.39
210800,124.0,0.0,3391.6400000000003
210804,78.0,0.0,2051.95
210806,47.0,0.0,1621.16
210807,0.0,0.0,0.0
210820,0.0,0.0,0.0
210834,0.0,0.0,0.0
210835,0.0,0.0,0.0
210840,659.0,0.0,40411.11
210853,0.0,0.0,0.0
210858,1018.0,0.0,53215.56
210900,57.0,0.0,662.1
211020,0.0,0.0,0.0
211034,0.0,0.0,0.0
211044,0.0,0.0,0.0
211100,0.0,0.0,0.0
211104,0.0,0.0,0.0
211106,0.0,0.0,0.0
211107,0.0,0.0,0.0
211140,0.0,0.0,0.0
211150,0.0,0.0,0.0
211152,0.0,0.0,0.0
211153,0.0,0.0,0.0
211154,0.0,0.0,0.0
211155,0.0,0.0,0.0
211156,0.0,0.0,0.0
211158,0.0,0.0,0.0
211200,0.0,0.0,0.0
211202,0.0,0.0,0.0
211204,0.0,0.0,0.0
211206,0.0,0.0,0.0
211208,0.0,0.0,0.0
211210,0.0,0.0,0.0
211212,0.0,0.0,0.0
211214,0.0,0.0,0.0
211215,0.0,0.0,0.0
211216,0.0,0.0,0.0
211218,0.0,0.0,0.0
211220,0.0,0.0,0.0
211222,0.0,0.0,0.0
211224,0.0,0.0,0.0
211226,0.0,0.0,0.0
211228,0.0,0.0,0.0
211230,0.0,0.0,0.0
211232,0.0,0.0,0.0
211236,0.0,0.0,0.0
211238,0.0,0.0,0.0
211239,0.0,0.0,0.0
211240,0.0,0.0,0.0
211243,0.0,0.0,0.0
211244,0.0,0.0,0.0
211245,0.0,0.0,0.0
211246,0.0,0.0,0.0
211247,0.0,0.0,0.0
211250,0.0,0.0,0.0
211251,0.0,0.0,0.0
211252,0.0,0.0,0.0
211253,0.0,0.0,0.0
211254,0.0,0.0,0.0
211256,0.0,0.0,0.0
211257,0.0,0.0,0.0
211258,0.0,0.0,0.0
211259,0.0,0.0,0.0
211260,0.0,0.0,0.0
211261,0.0,0.0,0.0
211262,0.0,0.0,0.0
211263,0.0,0.0,0.0
211264,0.0,0.0,0.0
211265,0.0,0.0,0.0
211266,0.0,0.0,0.0
211267,0.0,0.0,0.0
211268,0.0,0.0,0.0
211269,0.0,0.0,0.0
211270,0.0,0.0,0.0
211272,0.0,0.0,0.0
211274,0.0,0.0,0.0
211276,0.0,0.0,0.0
211278,0.0,0.0,0.0
211279,0.0,0.0,0.0
211280,0.0,0.0,0.0
211281,0.0,0.0,0.0
211282,0.0,0.0,0.0
211283,0.0,0.0,0.0
211300,0.0,0.0,0.0
211302,0.0,0.0,0.0
211310,0.0,0.0,0.0
211312,0.0,0.0,0.0
211320,0.0,0.0,0.0
211322,0.0,0.0,0.0
211324,0.0,0.0,0.0
211326,0.0,0.0,0.0
211328,0.0,0.0,0.0
211330,0.0,0.0,0.0
211610,0.0,0.0,0.0
211710,0.0,0.0,0.0
211712,0.0,0.0,0.0
211800,0.0,0.0,0.0
211804,0.0,0.0,0.0
211806,0.0,0.0,0.0
211807,0.0,0.0,0.0
211820,0.0,0.0,0.0
211834,0.0,0.0,0.0
211835,0.0,0.0,0.0
211840,0.0,0.0,0.0
211858,0.0,0.0,0.0
219221,0.0,0.0,0.0
219223,0.0,0.0,0.0
219225,0.0,0.0,0.0
219227,0.0,0.0,0.0
219228,0.0,0.0,0.0
219229,0.0,0.0,0.0
219231,0.0,0.0,0.0
219233,0.0,0.0,0.0
219237,0.0,0.0,0.0
219239,0.0,0.0,0.0
219241,0.0,0.0,0.0
220101,3696.0,0.0,51089.72
220102,548.0,0.0,15356.83
221000,93.0,0.0,2084.14
221001,101.0,0.0,2678.33
221002,199.0,0.0,3424.63
221003,1960.0,0.0,34271.3
221004,28.0,0.0,555.89
221005,0.0,0.0,0.0
221006,0.0,0.0,0.0
221007,124.0,0.0,2517.94
221008,34.0,0.0,711.5799999999999
221011,122.0,0.0,2804.36
221012,0.0,0.0,0.0
221013,322.0,0.0,5514.94
221014,0.0,0.0,0.0
221015,222.0,0.0,3820.51
221016,54.0,0.0,1018.73
221018,120.0,0.0,2308.73
221020,157.0,0.0,3004.33
221022,104.0,0.0,1178.2800000000002
221024,0.0,0.0,0.0
221025,290.0,0.0,7360.38
221026,0.0,0.0,0.0
221027,202.0,0.0,4569.65
221028,0.0,0.0,0.0
221029,0.0,0.0,0.0
221030,55.0,0.0,2221.38
221032,83.0,0.0,1935.45
221034,46.0,0.0,1970.4899999999998
221036,82.0,0.0,5647.630000000001
221038,43.0,0.0,1734.3799999999999
221039,0.0,0.0,0.0
221040,152.0,0.0,2551.2400000000002
221042,265.0,0.0,9388.44
221043,0.0,0.0,0.0
221044,115.0,0.0,2001.58
221046,127.0,0.0,6408.37
221047,0.0,0.0,0.0
221048,0.0,0.0,0.0
221050,0.0,0.0,0.0
221070,101.0,0.0,1723.58
221071,0.0,0.0,0.0
221072,58.0,0.0,706.13
221073,245.0,0.0,5187.99
221074,431.0,0.0,8380.83
221075,42.0,0.0,1174.84
221076,29.0,0.0,870.2
221077,127.0,0.0,1631.9099999999999
221078,51.0,0.0,631.6300000000001
221079,57.0,0.0,714.72
221080,93.0,0.0,1580.37
221082,55.0,0.0,956.24
221085,0.0,0.0,0.0
221090,130.0,0.0,2423.35
221110,24.0,0.0,533.74
221226,0.0,0.0,0.0
221228,0.0,0.0,0.0
221400,0.0,0.0,0.0
221401,0.0,0.0,0.0
221403,0.0,0.0,0.0
221500,90.0,0.0,3078.36
221501,256.0,0.0,9431.92
221502,17.0,0.0,667.07
221503,364.0,0.0,13380.529999999999
221504,75.0,0.0,2503.9
221505,121.0,0.0,3629.07
221506,111.0,0.0,3206.33
222012,0.0,0.0,0.0
222014,0.0,0.0,0.0
222018,0.0,0.0,0.0
222201,0.0,0.0,0.0
222202,25.0,0.0,746.0
222204,16.0,0.0,480.32
222205,22.0,0.0,867.26
222207,75.0,0.0,2935.5800000000004
222209,89.0,0.0,2263.5
222210,9.0,0.0,267.76
222212,0.0,0.0,0.0
222214,101.0,0.0,2199.63
222216,19.0,0.0,386.84
222220,40.0,0.0,664.25
222222,0.0,0.0,0.0
222400,235.0,0.0,4975.0
223300,739.0,0.0,24912.379999999997
223312,298.0,0.0,4719.15
230001,0.0,0.0,0.0
230010,0.0,0.0,0.0
230011,6111.0,0.0,72157.68
230012,181.0,0.0,1879.42
230013,389.0,0.0,5792.65
230014,0.0,0.0,0.0
230015,127.0,0.0,880.2
230016,40.0,0.0,357.40000000000003
230020,480.0,0.0,3404.02
230022,101.0,0.0,644.8799999999999
230030,1559.0,0.0,14499.31
230042,0.0,0.0,0.0
230050,0.0,0.0,0.0
230051,111.0,0.0,1501.1200000000003
230052,223.0,0.0,1792.54
230053,0.0,0.0,0.0
230054,0.0,0.0,0.0
230055,0.0,0.0,0.0
230057,0.0,0.0,0.0
230060,0.0,0.0,0.0
230065,0.0,0.0,0.0
230070,0.0,0.0,0.0
230072,0.0,0.0,0.0
230090,0.0,0.0,0.0
230512,70.0,0.0,2048.48
230800,0.0,0.0,0.0
230802,0.0,0.0,0.0
231010,0.0,0.0,0.0
231011,0.0,0.0,0.0
231012,0.0,0.0,0.0
231013,0.0,0.0,0.0
231014,0.0,0.0,0.0
231016,0.0,0.0,0.0
231019,0.0,0.0,0.0
231020,0.0,0.0,0.0
231022,0.0,0.0,0.0
231030,0.0,0.0,0.0
231042,0.0,0.0,0.0
231050,0.0,0.0,0.0
231051,0.0,0.0,0.0
231052,0.0,0.0,0.0
231053,0.0,0.0,0.0
231055,0.0,0.0,0.0
231057,0.0,0.0,0.0
231058,0.0,0.0,0.0
231065,0.0,0.0,0.0
231066,0.0,0.0,0.0
231070,0.0,0.0,0.0
231072,0.0,0.0,0.0
231090,0.0,0.0,0.0
231512,0.0,0.0,0.0
232111,0.0,0.0,0.0
232113,0.0,0.0,0.0
232115,0.0,0.0,0.0
240100,697.0,0.0,10044.88
240102,198.0,0.0,2791.56
240103,0.0,0.0,0.0
240150,209.0,0.0,3211.15
240152,88.0,0.0,1371.79
240202,43.0,0.0,643.67
240204,27.0,0.0,398.70000000000005
240206,6.0,0.0,68.64
240304,39.0,0.0,730.86
240305,12.0,0.0,226.44
240306,19.0,0.0,361.95
240307,55.0,0.0,1041.15
240308,1.0,0.0,18.84
240309,0.0,0.0,0.0
240400,0.0,0.0,0.0
240502,0.0,0.0,0.0
240600,81.0,0.0,1261.5600000000002
240602,78.0,0.0,1072.58
240604,118.0,0.0,1608.58
240700,488.0,0.0,6225.32
240701,543.0,0.0,6915.16
240702,577.0,0.0,7352.749999999999
240900,0.0,0.0,0.0
240901,0.0,0.0,0.0
240902,0.0,0.0,0.0
240903,0.0,0.0,0.0
240904,0.0,0.0,0.0
240905,0.0,0.0,0.0
240906,0.0,0.0,0.0
240907,0.0,0.0,0.0
240908,0.0,0.0,0.0
240909,0.0,0.0,0.0
241100,159.0,0.0,5863.0199999999995
241101,205.0,0.0,7553.679999999999
241102,365.0,0.0,13409.86
241103,239.0,0.0,8801.640000000001
241150,0.0,0.0,0.0
251010,0.0,0.0,0.0
251012,0.0,0.0,0.0
251015,0.0,0.0,0.0
251400,0.0,0.0,0.0
251411,0.0,0.0,0.0
251811,0.0,0.0,0.0
251813,0.0,0.0,0.0
251815,0.0,0.0,0.0
251817,0.0,0.0,0.0
252010,2598.0,0.0,39208.490000000005
252012,687.0,0.0,9412.05
252015,0.0,0.0,0.0
252500,0.0,0.0,0.0
252811,762.0,0.0,8445.34
252813,0.0,0.0,0.0
252815,0.0,0.0,0.0
252817,0.0,0.0,0.0
252821,0.0,0.0,0.0
252831,1301.0,0.0,11815.32
252835,4191.0,0.0,52762.490000000005
252841,3265.0,0.0,43802.97
252842,0.0,0.0,0.0
252845,0.0,0.0,0.0
255005,351.0,0.0,3126.49
255007,336.0,0.0,2998.27
255009,627.0,0.0,5578.88
255011,88.0,0.0,796.48
255105,296.0,0.0,3996.2799999999997
255109,140.0,0.0,1901.62
255201,564.0,0.0,4072.96
255203,179.0,0.0,1297.09
255205,105.0,0.0,750.3299999999999
255207,167.0,0.0,1216.3899999999999
255209,283.0,0.0,2068.48
255211,265.0,0.0,1921.27
255213,167.0,0.0,1217.3899999999999
255215,146.0,0.0,1064.74
255217,262.0,0.0,1902.3200000000002
255219,99.0,0.0,723.7800000000001
256800,0.0,0.0,0.0
257400,0.0,0.0,0.0
257411,0.0,0.0,0.0
261000,0.0,0.0,0.0
261010,52.0,0.0,1131.8799999999999
261020,328.0,0.0,5193.33
261040,45.0,0.0,935.55
261045,88.0,0.0,1958.75
261046,0.0,0.0,0.0
261172,0.0,0.0,0.0
262015,53.0,0.0,1101.99
262050,15.0,0.0,224.85
262052,26.0,0.0,389.59000000000003
262054,3.0,0.0,45.5
262056,28.0,0.0,414.91999999999996
262200,191.0,0.0,2982.2799999999997
262202,34.0,0.0,795.22
262204,32.0,0.0,582.52
262300,0.0,0.0,0.0
262310,389.0,0.0,26106.859999999997
262312,336.0,0.0,12651.89
262314,240.0,0.0,8875.86
262316,0.0,0.0,0.0
262318,248.0,0.0,9791.88
262320,104.0,0.0,3716.7400000000002
262800,9.0,0.0,77.92
262820,0.0,0.0,0.0
272001,0.0,0.0,0.0
272002,0.0,0.0,0.0
277000,244.0,0.0,9770.58
277010,337.0,0.0,13612.2
277020,494.0,0.0,19781.760000000002
277030,207.0,0.0,8287.49
277040,59.0,0.0,2368.9799999999996
277046,94.0,0.0,3813.1600000000003
277048,160.0,0.0,7495.83
277050,419.0,0.0,16880.54
277055,232.0,0.0,10915.5
277057,0.0,0.0,0.0
277070,177.0,0.0,7149.43
277259,0.0,0.0,0.0
277300,0.0,0.0,0.0
277970,471.0,0.0,21975.02
281626,90.0,0.0,2401.96
281932,45.0,0.0,2426.1699999999996
283526,25.0,0.0,1087.66
285124,37.0,0.0,568.92
285126,36.0,0.0,618.36
285128,44.0,0.0,914.92
285130,23.0,0.0,520.98
285132,20.0,0.0,482.7
285134,22.0,0.0,614.8100000000001
285136,31.0,0.0,999.05
285140,42.0,0.0,1616.9499999999998
285144,22.0,0.0,1083.81
287100,0.0,0.0,0.0
287101,0.0,0.0,0.0
287102,0.0,0.0,0.0
287103,0.0,0.0,0.0
287201,0.0,0.0,0.0
287301,0.0,0.0,0.0
287302,0.0,0.0,0.0
287801,0.0,0.0,0.0
287901,0.0,0.0,0.0
290010,3007.0,0.0,56748.8
290012,0.0,0.0,0.0
290014,160.0,0.0,1723.22
290016,39.0,0.0,362.7
290030,2556.0,0.0,43935.07000000001
290031,470.0,0.0,4629.88
290032,772.0,0.0,15341.689999999999
290034,251.0,0.0,4836.61
290036,148.0,0.0,1948.3899999999999
290038,2502.0,0.0,47272.83
290040,30.0,0.0,393.0
290041,19.0,0.0,225.57999999999998
290060,289.0,0.0,4901.4
290070,362.0,0.0,5364.16
290080,87.0,0.0,1524.3799999999999
300700,0.0,0.0,0.0
302009,0.0,0.0,0.0
302029,0.0,0.0,0.0
302040,0.0,0.0,0.0
302048,0.0,0.0,0.0
302072,0.0,0.0,0.0
303020,0.0,0.0,0.0
303024,0.0,0.0,0.0
307100,0.0,0.0,0.0
307101,0.0,0.0,0.0
307104,0.0,0.0,0.0
307105,0.0,0.0,0.0
307106,0.0,0.0,0.0
307107,0.0,0.0,0.0
307108,0.0,0.0,0.0
307109,0.0,0.0,0.0
307110,0.0,0.0,0.0
307200,0.0,0.0,0.0
307203,0.0,0.0,0.0
307204,0.0,0.0,0.0
307206,0.0,0.0,0.0
307209,0.0,0.0,0.0
307210,0.0,0.0,0.0
307212,0.0,0.0,0.0
317000,0.0,0.0,0.0
317001,0.0,0.0,0.0
317002,0.0,0.0,0.0
317003,0.0,0.0,0.0
317004,0.0,0.0,0.0
317100,0.0,0.0,0.0
317101,0.0,0.0,0.0
317102,0.0,0.0,0.0
317103,0.0,0.0,0.0
317104,0.0,0.0,0.0
317200,0.0,0.0,0.0
317400,1369.0,0.0,13036.98
317402,1220.0,0.0,11614.119999999999
317404,281.0,0.0,2689.6800000000003
317406,727.0,0.0,6918.620000000001
317409,523.0,0.0,4956.83
317410,115.0,0.0,1096.1
317412,475.0,0.0,4543.01
317414,260.0,0.0,2458.2799999999997
317416,201.0,0.0,1922.36
317418,235.0,0.0,2218.15
317420,307.0,0.0,2909.84
317424,745.0,0.0,7060.08
317426,323.0,0.0,3062.1
317428,296.0,0.0,2802.2900000000004
317432,710.0,0.0,6733.369999999999
317434,176.0,0.0,1679.43
317436,172.0,0.0,1633.81
317438,172.0,0.0,1630.87
317500,326.0,0.0,4902.75
317502,0.0,0.0,0.0
317504,0.0,0.0,0.0
317506,176.0,0.0,2644.3
317509,128.0,0.0,1910.1
317512,0.0,0.0,0.0
317520,0.0,0.0,0.0
317526,0.0,0.0,0.0
317528,0.0,0.0,0.0
317600,252.0,0.0,3276.92
317602,0.0,0.0,0.0
317606,0.0,0.0,0.0
317609,0.0,0.0,0.0
317612,0.0,0.0,0.0
317620,0.0,0.0,0.0
317626,0.0,0.0,0.0
317628,0.0,0.0,0.0
317700,0.0,0.0,0.0
317702,0.0,0.0,0.0
317704,0.0,0.0,0.0
317706,0.0,0.0,0.0
317709,0.0,0.0,0.0
317712,0.0,0.0,0.0
317714,0.0,0.0,0.0
317716,0.0,0.0,0.0
317718,0.0,0.0,0.0
317720,0.0,0.0,0.0
317800,0.0,0.0,0.0
317802,0.0,0.0,0.0
327101,107.0,0.0,11178.53
327103,287.0,0.0,28073.82
327105,438.0,0.0,39707.950000000004
327107,0.0,0.0,0.0
327108,0.0,0.0,0.0
327109,0.0,0.0,0.0
327110,0.0,0.0,0.0
327111,0.0,0.0,0.0
327201,0.0,0.0,0.0
327203,0.0,0.0,0.0
327204,0.0,0.0,0.0
327205,37.0,0.0,2195.2
327208,0.0,0.0,0.0
327210,0.0,0.0,0.0
327212,0.0,0.0,0.0
327225,0.0,0.0,0.0
327235,0.0,0.0,0.0
327240,0.0,0.0,0.0
327242,0.0,0.0,0.0
327244,0.0,0.0,0.0
327248,0.0,0.0,0.0
327250,102.0,0.0,3556.97
327271,84.0,0.0,4337.87
327273,0.0,0.0,0.0
327275,80.0,0.0,3550.7
327277,0.0,0.0,0.0
327279,0.0,0.0,0.0
327319,29.0,0.0,6446.400000000001
327320,51.0,0.0,11426.130000000001
327322,0.0,0.0,0.0
327323,0.0,0.0,0.0
327324,0.0,0.0,0.0
327325,0.0,0.0,0.0
327327,0.0,0.0,0.0
327400,0.0,0.0,0.0
327402,0.0,0.0,0.0
327405,743.0,0.0,39716.259999999995
327406,0.0,0.0,0.0
327407,0.0,0.0,0.0
327408,0.0,0.0,0.0
327409,0.0,0.0,0.0
327410,0.0,0.0,0.0
327411,0.0,0.0,0.0
327412,47.0,0.0,413.42999999999995
327420,32.0,0.0,1002.98
327422,0.0,0.0,0.0
327424,0.0,0.0,0.0
327428,0.0,0.0,0.0
327514,0.0,0.0,0.0
327550,1932.0,0.0,38741.65
327608,83.0,0.0,1803.82
327710,814.0,0.0,11452.75
327720,0.0,0.0,0.0
327930,11.0,0.0,281.39
331100,0.0,0.0,0.0
331110,0.0,0.0,0.0
331200,0.0,0.0,0.0
331300,0.0,0.0,0.0
332100,109.0,0.0,4357.09
332110,0.0,0.0,0.0
332200,86.0,0.0,3295.4700000000003
332300,255.0,0.0,15197.62
340900,0.0,0.0,0.0
342010,110.0,0.0,1757.6100000000001
342011,164.0,0.0,2610.61
342012,128.0,0.0,2072.42
342013,41.0,0.0,663.76
344100,85.0,0.0,1450.08
347010,4463.0,0.0,247803.16
347011,0.0,0.0,0.0
347012,1472.0,0.0,83670.52
347015,0.0,0.0,0.0
347301,104.0,0.0,11617.07
347302,653.0,0.0,64088.17
347303,156.0,0.0,13278.149999999998
347312,54.0,0.0,6686.130000000001
347313,137.0,0.0,14208.719999999998
347314,51.0,0.0,4025.16
347315,34.0,0.0,3033.94
347320,158.0,0.0,12055.48
347323,1590.0,0.0,78581.61
347325,193.0,0.0,13428.78
347326,0.0,0.0,0.0
347327,88.0,0.0,7469.780000000001
347328,99.0,0.0,7401.8099999999995
347329,28.0,0.0,2723.7999999999997
347401,66.0,0.0,4275.84
347402,159.0,0.0,10135.97
347404,99.0,0.0,6333.590000000001
347406,66.0,0.0,4214.24
347408,75.0,0.0,4768.35
347412,123.0,0.0,8622.7
347414,0.0,0.0,0.0
347415,152.0,0.0,8794.460000000001
347416,178.0,0.0,13350.339999999998
347802,133.0,0.0,11922.609999999999
350100,0.0,0.0,0.0
350102,0.0,0.0,0.0
350104,0.0,0.0,0.0
350106,0.0,0.0,0.0
350108,0.0,0.0,0.0
350120,0.0,0.0,0.0
350200,0.0,0.0,0.0
350210,0.0,0.0,0.0
350240,0.0,0.0,0.0
350300,0.0,0.0,0.0
350310,0.0,0.0,0.0
350340,0.0,0.0,0.0
350342,0.0,0.0,0.0
350343,0.0,0.0,0.0
350345,0.0,0.0,0.0
350350,0.0,0.0,0.0
350352,0.0,0.0,0.0
350370,0.0,0.0,0.0
350372,0.0,0.0,0.0
350380,0.0,0.0,0.0
350400,0.0,0.0,0.0
350402,0.0,0.0,0.0
350410,0.0,0.0,0.0
350502,0.0,0.0,0.0
350509,0.0,0.0,0.0
350510,0.0,0.0,0.0
350520,0.0,0.0,0.0
350524,0.0,0.0,0.0
350526,0.0,0.0,0.0
350600,0.0,0.0,0.0
350602,0.0,0.0,0.0
350604,0.0,0.0,0.0
350660,0.0,0.0,0.0
350680,0.0,0.0,0.0
350700,0.0,0.0,0.0
350710,0.0,0.0,0.0
350715,0.0,0.0,0.0
350720,0.0,0.0,0.0
350820,0.0,0.0,0.0
350900,0.0,0.0,0.0
350902,0.0,0.0,0.0
350910,0.0,0.0,0.0
350920,0.0,0.0,0.0
351900,0.0,0.0,0.0
353301,0.0,0.0,0.0
356084,0.0,0.0,0.0
356150,0.0,0.0,0.0
356900,0.0,0.0,0.0
356910,4378.0,0.0,154629.89
356912,0.0,0.0,0.0
356914,198.0,0.0,6854.449999999999
356920,713.0,0.0,22221.01
356930,0.0,0.0,0.0
360000,0.0,0.0,0.0
360010,0.0,0.0,0.0
360020,0.0,0.0,0.0
360030,0.0,0.0,0.0
360050,0.0,0.0,0.0
360052,0.0,0.0,0.0
360054,0.0,0.0,0.0
360056,0.0,0.0,0.0
360100,0.0,0.0,0.0
360110,0.0,0.0,0.0
360120,0.0,0.0,0.0
360130,0.0,0.0,0.0
360310,0.0,0.0,0.0
360312,0.0,0.0,0.0
360314,0.0,0.0,0.0
360320,0.0,0.0,0.0
360400,0.0,0.0,0.0
367100,0.0,0.0,0.0
367102,0.0,0.0,0.0
367104,0.0,0.0,0.0
367106,0.0,0.0,0.0
367200,0.0,0.0,0.0
367202,0.0,0.0,0.0
370102,0.0,0.0,0.0
370300,0.0,0.0,0.0
370302,0.0,0.0,0.0
370303,0.0,0.0,0.0
370305,0.0,0.0,0.0
370312,0.0,0.0,0.0
371320,0.0,0.0,0.0
380050,0.0,0.0,0.0
380052,145.0,0.0,7990.36
380054,183.0,0.0,10385.91
380058,158.0,0.0,9237.4
380064,0.0,0.0,0.0
380065,0.0,0.0,0.0
380066,0.0,0.0,0.0
380067,0.0,0.0,0.0
380070,0.0,0.0,0.0
380072,54.0,0.0,3008.7
380074,126.0,0.0,7199.549999999999
380078,121.0,0.0,7145.959999999999
380080,0.0,0.0,0.0
380082,192.0,0.0,11407.21
380084,229.0,0.0,13961.44
380088,269.0,0.0,16847.41
380090,0.0,0.0,0.0
380092,0.0,0.0,0.0
380094,0.0,0.0,0.0
380096,0.0,0.0,0.0
380100,90.0,0.0,4337.42
380402,0.0,0.0,0.0
387002,107.0,0.0,1131.77
387004,961.0,0.0,10119.55
387008,160.0,0.0,2280.2400000000002
387010,366.0,0.0,3855.1099999999997
387012,0.0,0.0,0.0
387014,164.0,0.0,2460.12
387016,354.0,0.0,6226.35
387017,719.0,0.0,10142.400000000001
387018,0.0,0.0,0.0
387020,749.0,0.0,10618.109999999999
387022,737.0,0.0,10428.890000000001
387024,131.0,0.0,1583.06
387100,0.0,0.0,0.0
387101,0.0,0.0,0.0
387102,0.0,0.0,0.0
387103,0.0,0.0,0.0
387104,0.0,0.0,0.0
387105,0.0,0.0,0.0
387106,0.0,0.0,0.0
387108,0.0,0.0,0.0
387110,0.0,0.0,0.0
387112,0.0,0.0,0.0
387114,0.0,0.0,0.0
387115,0.0,0.0,0.0
387116,0.0,0.0,0.0
387300,0.0,0.0,0.0
387301,0.0,0.0,0.0
387302,0.0,0.0,0.0
387304,0.0,0.0,0.0
387306,0.0,0.0,0.0
387308,0.0,0.0,0.0
387310,26.0,0.0,250.25
387312,0.0,0.0,0.0
387314,0.0,0.0,0.0
387316,0.0,0.0,0.0
387330,151.0,0.0,1435.3699999999997
387332,266.0,0.0,2612.8
387334,249.0,0.0,2443.7100000000005
390100,0.0,0.0,0.0
390102,0.0,0.0,0.0
390110,0.0,0.0,0.0
390112,0.0,0.0,0.0
390120,0.0,0.0,0.0
390122,0.0,0.0,0.0
393020,0.0,0.0,0.0
397101,0.0,0.0,0.0
397105,0.0,0.0,0.0
397107,0.0,0.0,0.0
397111,0.0,0.0,0.0
397113,0.0,0.0,0.0
397115,0.0,0.0,0.0
397202,0.0,0.0,0.0
397204,0.0,0.0,0.0
400070,0.0,0.0,0.0
400110,0.0,0.0,0.0
400172,0.0,0.0,0.0
400176,0.0,0.0,0.0
400190,0.0,0.0,0.0
400272,0.0,0.0,0.0
401110,0.0,0.0,0.0
402800,428.0,0.0,15945.84
402802,398.0,0.0,14839.169999999998
402804,0.0,0.0,0.0
402810,0.0,0.0,0.0
402812,214.0,0.0,11453.27
402813,229.0,0.0,11972.35
402814,0.0,0.0,0.0
402816,0.0,0.0,0.0
402818,0.0,0.0,0.0
404002,0.0,0.0,0.0
404004,0.0,0.0,0.0
407000,0.0,0.0,0.0
407001,0.0,0.0,0.0
407002,0.0,0.0,0.0
407700,1224.0,0.0,33034.119999999995
407701,110.0,0.0,3172.43
407702,141.0,0.0,3805.96
407703,0.0,0.0,0.0
407704,312.0,0.0,9887.86
407705,58.0,0.0,1672.9099999999999
407706,0.0,0.0,0.0
407707,1643.0,0.0,68966.98999999998
407708,61.0,0.0,1768.7700000000002
407710,0.0,0.0,0.0
407711,38.0,0.0,1668.0600000000002
407712,64.0,0.0,2686.6
407715,33.0,0.0,1496.64
407717,18.0,0.0,753.94
407718,67.0,0.0,2754.41
407719,35.0,0.0,1447.6000000000001
407721,0.0,0.0,0.0
407722,0.0,0.0,0.0
407727,40.0,0.0,1535.04
407728,18.0,0.0,647.62
407903,0.0,0.0,0.0
407905,17.0,0.0,298.63
410000,46.0,0.0,1167.65
410002,31.0,0.0,785.0899999999999
410004,22.0,0.0,557.06
410006,45.0,0.0,1146.0900000000001
410008,20.0,0.0,507.22
410010,50.0,0.0,1270.69
410012,24.0,0.0,607.01
410014,20.0,0.0,509.29999999999995
410016,0.0,0.0,0.0
410018,0.0,0.0,0.0
410020,0.0,0.0,0.0
410022,0.0,0.0,0.0
410024,18.0,0.0,458.90999999999997
410026,0.0,0.0,0.0
410028,0.0,0.0,0.0
410413,0.0,0.0,0.0
410416,0.0,0.0,0.0
410421,0.0,0.0,0.0
410422,0.0,0.0,0.0
410425,0.0,0.0,0.0
410451,0.0,0.0,0.0
410453,0.0,0.0,0.0
410461,0.0,0.0,0.0
410462,0.0,0.0,0.0
410463,0.0,0.0,0.0
410470,0.0,0.0,0.0
410471,0.0,0.0,0.0
410473,0.0,0.0,0.0
410474,0.0,0.0,0.0
413002,30206.0,0.0,198585.06
413003,941.0,0.0,5067.2699999999995
413004,31760.0,0.0,195083.86
413005,5171.0,0.0,31575.18
413006,0.0,0.0,0.0
413008,2055.0,0.0,11074.77
413012,2013.0,0.0,10835.249999999998
413013,2252.0,0.0,11600.29
413014,0.0,0.0,0.0
413015,1328.0,0.0,8281.05
413016,0.0,0.0,0.0
413017,0.0,0.0,0.0
413018,0.0,0.0,0.0
413019,0.0,0.0,0.0
413020,9524.0,0.0,58148.700000000004
413021,3853.0,0.0,25576.59
413022,0.0,0.0,0.0
413023,0.0,0.0,0.0
413024,0.0,0.0,0.0
413025,0.0,0.0,0.0
413026,0.0,0.0,0.0
413027,0.0,0.0,0.0
413030,0.0,0.0,0.0
413032,0.0,0.0,0.0
413034,0.0,0.0,0.0
413100,753.0,0.0,6302.13
420106,0.0,0.0,0.0
420107,0.0,0.0,0.0
420118,0.0,0.0,0.0
420206,0.0,0.0,0.0
420207,0.0,0.0,0.0
420212,0.0,0.0,0.0
420510,0.0,0.0,0.0
420511,0.0,0.0,0.0
420512,0.0,0.0,0.0
420520,0.0,0.0,0.0
420521,0.0,0.0,0.0
420530,0.0,0.0,0.0
420531,0.0,0.0,0.0
420532,0.0,0.0,0.0
420540,0.0,0.0,0.0
420541,0.0,0.0,0.0
420542,0.0,0.0,0.0
420543,0.0,0.0,0.0
420550,0.0,0.0,0.0
420624,0.0,0.0,0.0
420626,0.0,0.0,0.0
420723,0.0,0.0,0.0
420743,0.0,0.0,0.0
420744,0.0,0.0,0.0
420825,0.0,0.0,0.0
420835,0.0,0.0,0.0
420924,0.0,0.0,0.0
420930,0.0,0.0,0.0
430101,0.0,0.0,0.0
447100,0.0,0.0,0.0
447102,235.0,0.0,13959.79
447104,75.0,0.0,2069.63
447106,0.0,0.0,0.0
447108,0.0,0.0,0.0
447110,0.0,0.0,0.0
447112,0.0,0.0,0.0
447114,0.0,0.0,0.0
447116,786.0,0.0,21985.78
447118,0.0,0.0,0.0
447120,62.0,0.0,1773.0
447122,0.0,0.0,0.0
447124,58.0,0.0,1544.7800000000002
447126,79.0,0.0,2179.73
450100,0.0,0.0,0.0
450102,0.0,0.0,0.0
450104,0.0,0.0,0.0
450106,0.0,0.0,0.0
452910,379.0,0.0,5295.94
460110,0.0,0.0,0.0
460112,0.0,0.0,0.0
460114,0.0,0.0,0.0
460120,0.0,0.0,0.0
460122,0.0,0.0,0.0
460130,0.0,0.0,0.0
460200,0.0,0.0,0.0
460202,0.0,0.0,0.0
460204,0.0,0.0,0.0
460206,0.0,0.0,0.0
460208,0.0,0.0,0.0
460210,0.0,0.0,0.0
460212,0.0,0.0,0.0
460214,0.0,0.0,0.0
460300,0.0,0.0,0.0
460400,0.0,0.0,0.0
460402,0.0,0.0,0.0
470100,0.0,0.0,0.0
470105,0.0,0.0,0.0
470110,0.0,0.0,0.0
470119,0.0,0.0,0.0
470120,0.0,0.0,0.0
470130,0.0,0.0,0.0
470140,0.0,0.0,0.0
470160,0.0,0.0,0.0
470170,0.0,0.0,0.0
470180,0.0,0.0,0.0
470190,0.0,0.0,0.0
470200,0.0,0.0,0.0
470201,0.0,0.0,0.0
470205,0.0,0.0,0.0
470206,0.0,0.0,0.0
470220,0.0,0.0,0.0
470261,0.0,0.0,0.0
470301,0.0,0.0,0.0
470306,0.0,0.0,0.0
470310,0.0,0.0,0.0
470311,0.0,0.0,0.0
470312,0.0,0.0,0.0
470320,0.0,0.0,0.0
470330,0.0,0.0,0.0
470332,0.0,0.0,0.0
470340,0.0,0.0,0.0
470361,0.0,0.0,0.0
470371,0.0,0.0,0.0
470376,0.0,0.0,0.0
470380,0.0,0.0,0.0
470385,0.0,0.0,0.0
470390,0.0,0.0,0.0
470800,0.0,0.0,0.0
470900,0.0,0.0,0.0
470904,0.0,0.0,0.0
470906,0.0,0.0,0.0
477000,0.0,0.0,0.0
477001,824.0,0.0,28018.389999999996
477010,37.0,0.0,1386.74
477011,467.0,0.0,15876.250000000002
477020,322.0,0.0,1891.94
477021,0.0,0.0,0.0
477030,93.0,0.0,543.0300000000001
477031,79.0,0.0,2960.0
477040,121.0,0.0,5312.489999999999
477041,297.0,0.0,11119.339999999998
477042,19.0,0.0,908.04
480100,0.0,0.0,0.0
480110,0.0,0.0,0.0
480250,0.0,0.0,0.0
490100,203.0,0.0,9403.55
490102,92.0,0.0,4285.030000000001
490103,209.0,0.0,7108.610000000001
490104,237.0,0.0,7481.85
490105,15.0,0.0,535.05
490106,45.0,0.0,1475.12
490107,392.0,0.0,7314.429999999999
490108,127.0,0.0,2448.1
490109,22.0,0.0,419.8
490110,160.0,0.0,1701.3999999999999
490111,105.0,0.0,1104.5
490112,0.0,0.0,0.0
490113,13.0,0.0,525.07
490114,64.0,0.0,1465.33
490115,115.0,0.0,5076.48
490116,202.0,0.0,4523.86
490117,87.0,0.0,3862.29
490118,0.0,0.0,0.0
490119,29.0,0.0,585.77
490120,0.0,0.0,0.0
490121,0.0,0.0,0.0
490122,171.0,0.0,5830.44
490123,109.0,0.0,3462.85
490124,22.0,0.0,688.57
490126,171.0,0.0,5266.16
490127,60.0,0.0,1600.21
490128,0.0,0.0,0.0
490130,0.0,0.0,0.0
490132,82.0,0.0,1720.48
490134,81.0,0.0,1679.1100000000001
490136,0.0,0.0,0.0
490138,81.0,0.0,1510.33
490139,44.0,0.0,909.98
490140,0.0,0.0,0.0
490141,55.0,0.0,787.29
490142,126.0,0.0,2255.61
490143,125.0,0.0,3408.69
490150,97.0,0.0,1944.7799999999997
490152,413.0,0.0,4439.43
490154,28.0,0.0,562.6299999999999
490156,0.0,0.0,0.0
490158,29.0,0.0,507.84999999999997
490160,35.0,0.0,843.2
490162,39.0,0.0,917.85
490163,88.0,0.0,2465.77
490164,68.0,0.0,1353.8
490165,0.0,0.0,0.0
490170,0.0,0.0,0.0
490171,17.0,0.0,389.72999999999996
490172,0.0,0.0,0.0
490173,0.0,0.0,0.0
490174,0.0,0.0,0.0
490175,23.0,0.0,513.8199999999999
490176,0.0,0.0,0.0
490177,3.0,0.0,89.49
490178,0.0,0.0,0.0
490179,117.0,0.0,3121.05
490180,450.0,0.0,7105.21
490182,121.0,0.0,1902.06
490184,0.0,0.0,0.0
490186,235.0,0.0,3703.46
490189,78.0,0.0,1489.53
490190,130.0,0.0,3154.22
490191,204.0,0.0,2916.02
490192,38.0,0.0,515.0799999999999
490193,83.0,0.0,1045.26
490194,0.0,0.0,0.0
490195,162.0,0.0,2223.29
490196,0.0,0.0,0.0
490200,0.0,0.0,0.0
490201,23.0,0.0,532.72
490202,31.0,0.0,738.77
490203,0.0,0.0,0.0
490204,31.0,0.0,714.04
490205,20.0,0.0,241.6
490206,155.0,0.0,3938.46
490207,0.0,0.0,0.0
490208,0.0,0.0,0.0
490209,0.0,0.0,0.0
490210,0.0,0.0,0.0
490211,0.0,0.0,0.0
490212,0.0,0.0,0.0
490213,0.0,0.0,0.0
490214,0.0,0.0,0.0
490218,0.0,0.0,0.0
490219,0.0,0.0,0.0
490220,0.0,0.0,0.0
490222,0.0,0.0,0.0
490224,0.0,0.0,0.0
490230,0.0,0.0,0.0
490300,0.0,0.0,0.0
490302,40.0,0.0,451.82
490510,254.0,0.0,16994.84
490512,87.0,0.0,5773.81
490513,46.0,0.0,3089.9500000000003
490514,32.0,0.0,2166.68
490600,27.0,0.0,351.51
490602,0.0,0.0,0.0
490604,0.0,0.0,0.0
490606,25.0,0.0,354.47
490610,0.0,0.0,0.0
490612,0.0,0.0,0.0
490614,0.0,0.0,0.0
490616,0.0,0.0,0.0
490620,0.0,0.0,0.0
490624,0.0,0.0,0.0
500600,0.0,0.0,0.0
500602,0.0,0.0,0.0
510010,1110.0,0.0,23840.23
510012,428.0,0.0,9180.43
510014,1041.0,0.0,22405.59
510020,1168.0,0.0,25949.81
510024,377.0,0.0,8405.630000000001
510026,584.0,0.0,12991.380000000001
511700,0.0,0.0,0.0
511702,0.0,0.0,0.0
513200,0.0,0.0,0.0
513300,0.0,0.0,0.0
513302,0.0,0.0,0.0
513304,0.0,0.0,0.0
513306,0.0,0.0,0.0
513308,0.0,0.0,0.0
513322,0.0,0.0,0.0
513324,0.0,0.0,0.0
513326,0.0,0.0,0.0
522500,0.0,0.0,0.0
523300,0.0,0.0,0.0
523302,0.0,0.0,0.0
523303,0.0,0.0,0.0
523304,0.0,0.0,0.0
523310,0.0,0.0,0.0
523312,0.0,0.0,0.0
523314,0.0,0.0,0.0
523316,0.0,0.0,0.0
523320,0.0,0.0,0.0
531201,0.0,0.0,0.0
532050,0.0,0.0,0.0
532201,378.0,0.0,8963.439999999999
532204,0.0,0.0,0.0
532205,0.0,0.0,0.0
532301,0.0,0.0,0.0
532303,0.0,0.0,0.0
532305,0.0,0.0,0.0
532307,0.0,0.0,0.0
542000,0.0,0.0,0.0
542001,0.0,0.0,0.0
542002,0.0,0.0,0.0
542009,0.0,0.0,0.0
542010,0.0,0.0,0.0
542200,42.0,0.0,1372.4
542202,0.0,0.0,0.0
542205,0.0,0.0,0.0
542207,0.0,0.0,0.0
542210,0.0,0.0,0.0
542212,0.0,0.0,0.0
542214,0.0,0.0,0.0
542250,39.0,0.0,1465.08
552801,0.0,0.0,0.0
552803,0.0,0.0,0.0
552864,0.0,0.0,0.0
552865,0.0,0.0,0.0
552867,0.0,0.0,0.0
562300,0.0,0.0,0.0
562302,0.0,0.0,0.0
562311,0.0,0.0,0.0
562312,0.0,0.0,0.0
562314,0.0,0.0,0.0
562320,0.0,0.0,0.0
562321,0.0,0.0,0.0
562322,0.0,0.0,0.0
562323,0.0,0.0,0.0
562324,0.0,0.0,0.0
562350,0.0,0.0,0.0
562351,0.0,0.0,0.0
562352,0.0,0.0,0.0
562353,0.0,0.0,0.0
562602,0.0,0.0,0.0
562603,0.0,0.0,0.0
562800,0.0,0.0,0.0
562802,0.0,0.0,0.0
562804,0.0,0.0,0.0
562806,0.0,0.0,0.0
562808,0.0,0.0,0.0
562810,0.0,0.0,0.0
562812,0.0,0.0,0.0
562814,0.0,0.0,0.0
562816,0.0,0.0,0.0
562817,0.0,0.0,0.0
562818,0.0,0.0,0.0
562819,0.0,0.0,0.0
562820,0.0,0.0,0.0
562822,0.0,0.0,0.0
562824,0.0,0.0,0.0
562826,0.0,0.0,0.0
562828,0.0,0.0,0.0
562830,0.0,0.0,0.0
562832,0.0,0.0,0.0
562834,0.0,0.0,0.0
562840,0.0,0.0,0.0
562841,0.0,0.0,0.0
562842,0.0,0.0,0.0
562843,0.0,0.0,0.0
562844,0.0,0.0,0.0
562845,0.0,0.0,0.0
562846,0.0,0.0,0.0
562847,0.0,0.0,0.0
562848,0.0,0.0,0.0
562849,0.0,0.0,0.0
562850,0.0,0.0,0.0
562851,0.0,0.0,0.0
562852,0.0,0.0,0.0
562854,0.0,0.0,0.0
562855,0.0,0.0,0.0
562856,0.0,0.0,0.0
562857,0.0,0.0,0.0
562858,0.0,0.0,0.0
562859,0.0,0.0,0.0
562912,0.0,0.0,0.0
571102,0.0,0.0,0.0
578200,0.0,0.0,0.0
578201,0.0,0.0,0.0
578202,0.0,0.0,0.0
578203,0.0,0.0,0.0
578210,0.0,0.0,0.0
578212,0.0,0.0,0.0
578214,0.0,0.0,0.0
578220,451.0,0.0,35828.79
578221,169.0,0.0,14239.820000000002
578222,269.0,0.0,23848.5
578242,0.0,0.0,0.0
578243,0.0,0.0,0.0
578244,0.0,0.0,0.0
578245,0.0,0.0,0.0
578247,0.0,0.0,0.0
578248,0.0,0.0,0.0
578250,0.0,0.0,0.0
578251,0.0,0.0,0.0
578252,0.0,0.0,0.0
578253,0.0,0.0,0.0
578254,0.0,0.0,0.0
578255,0.0,0.0,0.0
578256,0.0,0.0,0.0
578257,0.0,0.0,0.0
578258,0.0,0.0,0.0
578259,0.0,0.0,0.0
578260,0.0,0.0,0.0
578261,0.0,0.0,0.0
578262,0.0,0.0,0.0
578263,0.0,0.0,0.0
578264,1.0,0.0,11.77
578265,0.0,0.0,0.0
578266,2.0,0.0,23.54
578267,2.0,0.0,23.54
578268,1.0,0.0,4.88
578269,3.0,0.0,14.64
578270,2.0,0.0,22.54
578271,0.0,0.0,0.0
578272,1.0,0.0,11.77
578273,0.0,0.0,0.0
578290,0.0,0.0,0.0
578291,0.0,0.0,0.0
578292,0.0,0.0,0.0
578293,0.0,0.0,0.0
578294,0.0,0.0,0.0
578295,0.0,0.0,0.0
578296,0.0,0.0,0.0
578300,0.0,0.0,0.0
578301,0.0,0.0,0.0
578302,39.0,0.0,2516.1400000000003
578303,0.0,0.0,0.0
578304,0.0,0.0,0.0
578305,0.0,0.0,0.0
578500,311.0,0.0,19684.370000000003
578501,190.0,0.0,12283.53
578502,219.0,0.0,14291.529999999999
578503,459.0,0.0,32673.469999999994
578504,513.0,0.0,35237.28
578505,241.0,0.0,17407.559999999998
578506,760.0,0.0,55502.880000000005
578507,513.0,0.0,38844.3
578508,1201.0,0.0,92248.29000000001
578509,0.0,0.0,0.0
578510,0.0,0.0,0.0
578511,0.0,0.0,0.0
578512,0.0,0.0,0.0
578513,1.0,0.0,107.5
578515,17.0,0.0,2191.66
578516,44.0,0.0,3723.1800000000003
578517,0.0,0.0,0.0
578518,0.0,0.0,0.0
578519,0.0,0.0,0.0
578520,0.0,0.0,0.0
578521,0.0,0.0,0.0
578522,0.0,0.0,0.0
578523,0.0,0.0,0.0
578524,0.0,0.0,0.0
578525,0.0,0.0,0.0
578527,70.0,0.0,3232.8900000000003
578528,34.0,0.0,3066.8
578529,0.0,0.0,0.0
578530,1.0,0.0,11.77
578531,0.0,0.0,0.0
578532,3.0,0.0,35.31
578533,1.0,0.0,11.77
578534,1.0,0.0,5.88
578535,4.0,0.0,45.88
578536,1.0,0.0,11.77
578537,0.0,0.0,0.0
578538,0.0,0.0,0.0
578539,0.0,0.0,0.0
578540,0.0,0.0,0.0
578542,0.0,0.0,0.0
578543,4.0,0.0,40.44
578544,4.0,0.0,81.16
578545,22.0,0.0,495.0
578546,0.0,0.0,0.0
578549,0.0,0.0,0.0
578550,0.0,0.0,0.0
578551,116.0,0.0,7258.8099999999995
578552,56.0,0.0,4408.849999999999
578560,2.0,0.0,171.5
578561,0.0,0.0,0.0
578562,3.0,0.0,469.68
578563,0.0,0.0,0.0
578590,27.0,0.0,5253.91
578591,0.0,0.0,0.0
578592,0.0,0.0,0.0
578593,79.0,0.0,6873.799999999999
578594,12.0,0.0,2361.54
578595,0.0,0.0,0.0
578596,0.0,0.0,0.0
578597,0.0,0.0,0.0
578598,0.0,0.0,0.0
578599,0.0,0.0,0.0
578600,0.0,0.0,0.0
578604,1.0,0.0,55.72
578605,1.0,0.0,62.86
578910,0.0,0.0,0.0
578911,0.0,0.0,0.0
578912,0.0,0.0,0.0
578913,12.0,0.0,225.72
578914,12.0,0.0,934.68
578915,3.0,0.0,68.94
578916,1.0,0.0,22.95
578917,2.0,0.0,47.58
578918,0.0,0.0,0.0
578919,0.0,0.0,0.0
578921,0.0,0.0,0.0
578922,0.0,0.0,0.0
578923,0.0,0.0,0.0
578931,3.0,0.0,141.84
578933,0.0,0.0,0.0
578935,0.0,0.0,0.0
578940,115.0,0.0,4389.33
578941,0.0,0.0,0.0
580111,545.0,0.0,26789.229999999996
580113,474.0,0.0,22660.0
590900,1455.0,0.0,19100.92
590910,6409.0,0.0,53636.600000000006
591900,0.0,0.0,0.0
591910,0.0,0.0,0.0
605300,0.0,0.0,0.0
605301,0.0,0.0,0.0
605302,0.0,0.0,0.0
611012,0.0,0.0,0.0
611018,0.0,0.0,0.0
611060,0.0,0.0,0.0
611114,0.0,0.0,0.0
611115,0.0,0.0,0.0
611129,0.0,0.0,0.0
611130,0.0,0.0,0.0
611137,0.0,0.0,0.0
611139,0.0,0.0,0.0
611149,0.0,0.0,0.0
611154,0.0,0.0,0.0
611159,0.0,0.0,0.0
611163,0.0,0.0,0.0
611170,0.0,0.0,0.0
612030,0.0,0.0,0.0
613008,0.0,0.0,0.0
620100,0.0,0.0,0.0
620102,0.0,0.0,0.0
620103,0.0,0.0,0.0
620104,0.0,0.0,0.0
620105,0.0,0.0,0.0
620200,0.0,0.0,0.0
620201,0.0,0.0,0.0
620202,0.0,0.0,0.0
620203,0.0,0.0,0.0
620204,0.0,0.0,0.0
631870,0.0,0.0,0.0
631881,0.0,0.0,0.0
631882,0.0,0.0,0.0
632001,0.0,0.0,0.0
632002,0.0,0.0,0.0
632051,388.0,0.0,3268.4500000000003
632052,262.0,0.0,2142.58
632100,0.0,0.0,0.0
632101,66.0,0.0,537.08
632200,0.0,0.0,0.0
632202,440.0,0.0,3468.1499999999996
632801,0.0,0.0,0.0
632802,0.0,0.0,0.0
632810,0.0,0.0,0.0
632820,0.0,0.0,0.0
632830,0.0,0.0,0.0
632840,0.0,0.0,0.0
632851,181.0,0.0,1295.8400000000001
632852,0.0,0.0,0.0
632860,92.0,0.0,739.6299999999999
632870,206.0,0.0,1635.3300000000002
632871,0.0,0.0,0.0
632872,337.0,0.0,4539.95
632873,0.0,0.0,0.0
632874,590.0,0.0,7886.32
632875,19.0,0.0,247.95
632876,0.0,0.0,0.0
632877,0.0,0.0,0.0
632878,0.0,0.0,0.0
632879,1454.0,0.0,19459.5
632880,0.0,0.0,0.0
632881,1608.0,0.0,21672.23
632882,1309.0,0.0,16094.2
632883,592.0,0.0,6115.36
632884,16569.0,0.0,199963.71
632885,392.0,0.0,5908.04
632886,337.0,0.0,5532.72
632887,370.0,0.0,6071.92
632888,357.0,0.0,5863.950000000001
632889,494.0,0.0,8190.17
632890,382.0,0.0,4677.02
632891,0.0,0.0,0.0
632892,93.0,0.0,1129.8
632893,0.0,0.0,0.0
632894,0.0,0.0,0.0
632895,0.0,0.0,0.0
632896,0.0,0.0,0.0
633300,0.0,0.0,0.0
643050,0.0,0.0,0.0
643052,30.0,0.0,607.7
643054,117.0,0.0,1727.19
643070,0.0,0.0,0.0
643072,0.0,0.0,0.0
643075,0.0,0.0,0.0
643076,0.0,0.0,0.0
643200,301.0,0.0,12410.09
643201,157.0,0.0,6497.9800000000005
643202,266.0,0.0,11374.960000000001
643203,284.0,0.0,11737.16
643204,279.0,0.0,11492.22
643206,188.0,0.0,7817.139999999999
643207,292.0,0.0,17018.84
643210,99.0,0.0,1335.18
643211,38.0,0.0,520.5
643212,9.0,0.0,124.2
659301,0.0,0.0,0.0
662800,0.0,0.0,0.0
662802,0.0,0.0,0.0
663000,133.0,0.0,3235.4799999999996
663001,90.0,0.0,2206.31
663002,0.0,0.0,0.0
663003,0.0,0.0,0.0
663005,0.0,0.0,0.0
663008,0.0,0.0,0.0
663009,0.0,0.0,0.0
663011,61.0,0.0,1552.4699999999998
663012,0.0,0.0,0.0
663013,0.0,0.0,0.0
663020,407.0,0.0,14220.42
663021,251.0,0.0,10628.63
663022,58.0,0.0,2222.6
663030,451.0,0.0,10872.17
663031,213.0,0.0,5133.5
663032,165.0,0.0,4031.38
663040,0.0,0.0,0.0
663060,0.0,0.0,0.0
663080,0.0,0.0,0.0
663100,0.0,0.0,0.0
663120,49.0,0.0,1356.03
663121,44.0,0.0,1174.0900000000001
670001,0.0,0.0,0.0
670003,0.0,0.0,0.0
670006,0.0,0.0,0.0
670011,0.0,0.0,0.0
670012,0.0,0.0,0.0
670013,0.0,0.0,0.0
670014,0.0,0.0,0.0
670015,0.0,0.0,0.0
670016,0.0,0.0,0.0
670021,0.0,0.0,0.0
670022,0.0,0.0,0.0
670024,0.0,0.0,0.0
673500,0.0,0.0,0.0
673510,0.0,0.0,0.0
673520,0.0,0.0,0.0
673540,0.0,0.0,0.0
673542,0.0,0.0,0.0
673550,0.0,0.0,0.0
673552,0.0,0.0,0.0
673562,0.0,0.0,0.0
673600,0.0,0.0,0.0
673700,0.0,0.0,0.0
673702,0.0,0.0,0.0
673805,0.0,0.0,0.0
673815,0.0,0.0,0.0
673826,0.0,0.0,0.0
673827,0.0,0.0,0.0
673828,0.0,0.0,0.0
673831,0.0,0.0,0.0
673833,0.0,0.0,0.0
673834,0.0,0.0,0.0
673836,0.0,0.0,0.0
680000,94.0,0.0,1968.04
680001,106.0,0.0,1622.21
680010,30.0,0.0,795.7399999999999
680020,29.0,0.0,224.49000000000004
680021,11.0,0.0,137.61999999999998
680022,27.0,0.0,706.73
680040,20.0,0.0,397.16
680060,2.0,0.0,34.4
680080,36.0,0.0,563.1
680090,46.0,0.0,997.14
680101,10.0,0.0,757.52
680111,5.0,0.0,195.5
680112,11.0,0.0,334.2
680113,43.0,0.0,1565.8700000000001
680121,13.0,0.0,268.49
680122,6.0,0.0,141.84
680140,41.0,0.0,1106.07
680150,105.0,0.0,2930.35
680160,28.0,0.0,635.21
680250,19.0,0.0,503.78000000000003
680251,19.0,0.0,504.81
680300,227.0,0.0,8553.76
680301,0.0,0.0,0.0
680400,87.0,0.0,1672.4599999999998
680410,142.0,0.0,3623.62
680420,173.0,0.0,3297.24
680430,169.0,0.0,4322.900000000001
680440,86.0,0.0,2257.36
680470,10.0,0.0,213.52
680480,35.0,0.0,818.13
680500,22.0,0.0,1165.0199999999998
680501,21.0,0.0,1594.6299999999999
680502,58.0,0.0,4400.74
680600,461.0,0.0,9019.96
680601,446.0,0.0,13541.619999999999
680602,44.0,0.0,1129.04
680650,37.0,0.0,716.75
680670,7.0,0.0,149.15
680780,7.0,0.0,155.01
680782,9.0,0.0,220.38
680901,28.0,0.0,686.0
680910,50.0,0.0,1536.75
680911,0.0,0.0,0.0
680920,1.0,0.0,23.91
680930,0.0,0.0,0.0
680940,0.0,0.0,0.0
680941,0.0,0.0,0.0
680950,57.0,0.0,5510.710000000001
687102,0.0,0.0,0.0
687110,0.0,0.0,0.0
687111,0.0,0.0,0.0
687112,0.0,0.0,0.0
687113,0.0,0.0,0.0
687114,0.0,0.0,0.0
687119,0.0,0.0,0.0
687120,0.0,0.0,0.0
687121,0.0,0.0,0.0
687122,0.0,0.0,0.0
687123,0.0,0.0,0.0
687124,0.0,0.0,0.0
687130,0.0,0.0,0.0
687131,0.0,0.0,0.0
687132,0.0,0.0,0.0
687140,0.0,0.0,0.0
687141,0.0,0.0,0.0
687150,0.0,0.0,0.0
687151,0.0,0.0,0.0
687152,0.0,0.0,0.0
690100,0.0,0.0,0.0
690210,0.0,0.0,0.0
690215,0.0,0.0,0.0
704000,0.0,0.0,0.0
706000,0.0,0.0,0.0
706006,0.0,0.0,0.0
710120,0.0,0.0,0.0
710124,0.0,0.0,0.0
720202,0.0,0.0,0.0
720208,0.0,0.0,0.0
724300,0.0,0.0,0.0
724310,0.0,0.0,0.0
724320,0.0,0.0,0.0
733010,401.0,0.0,15308.619999999999
733012,102.0,0.0,3897.58
733015,86.0,0.0,3288.3999999999996
733020,707.0,0.0,26957.839999999997
733021,111.0,0.0,4239.63
733022,187.0,0.0,7150.37
733025,184.0,0.0,7028.25
733030,141.0,0.0,5387.51
733035,0.0,0.0,0.0
733038,31.0,0.0,1190.37
733039,51.0,0.0,1981.64
733040,0.0,0.0,0.0
733042,0.0,0.0,0.0
733044,0.0,0.0,0.0
733050,421.0,0.0,17261.65
733052,66.0,0.0,2711.58
733054,49.0,0.0,2010.05
733055,56.0,0.0,2298.45
733056,105.0,0.0,4839.099999999999
733057,0.0,0.0,0.0
733058,44.0,0.0,1801.15
733060,299.0,0.0,12271.320000000002
733062,92.0,0.0,3778.1400000000003
733065,53.0,0.0,2177.7000000000003
733070,497.0,0.0,19345.989999999998
733071,50.0,0.0,1941.5
733072,0.0,0.0,0.0
733074,58.0,0.0,2259.86
733075,0.0,0.0,0.0
733076,31.0,0.0,1211.47
733077,215.0,0.0,9883.279999999999
733078,44.0,0.0,2022.4799999999998
733079,95.0,0.0,4369.74
733080,0.0,0.0,0.0
733082,0.0,0.0,0.0
733084,0.0,0.0,0.0
733086,0.0,0.0,0.0
733090,171.0,0.0,1204.1399999999999
733095,210.0,0.0,1500.8899999999999
733100,0.0,0.0,0.0
733102,0.0,0.0,0.0
733110,51.0,0.0,634.78
733112,0.0,0.0,0.0
733120,0.0,0.0,0.0
733121,0.0,0.0,0.0
733122,0.0,0.0,0.0
733200,100.0,0.0,2306.0
733500,170.0,0.0,4377.85
733501,302.0,0.0,7769.59
733600,100.0,0.0,2569.0
742604,0.0,0.0,0.0
742640,0.0,0.0,0.0
747700,0.0,0.0,0.0
747704,0.0,0.0,0.0
747708,0.0,0.0,0.0
747712,0.0,0.0,0.0
747750,195.0,0.0,6364.469999999999
747754,0.0,0.0,0.0
747760,95.0,0.0,1343.52
747764,105.0,0.0,1460.55
752510,109.0,0.0,2113.66
752512,69.0,0.0,1336.99
752514,33.0,0.0,635.73
752516,224.0,0.0,4338.4
752518,0.0,0.0,0.0
760010,3452.0,0.0,68750.12
760011,708.0,0.0,16265.800000000001
760012,256.0,0.0,5838.09
760014,0.0,0.0,0.0
760020,0.0,0.0,0.0
760022,0.0,0.0,0.0
760024,0.0,0.0,0.0
760026,0.0,0.0,0.0
760100,101.0,0.0,2307.24
760101,116.0,0.0,2646.7400000000002
760102,100.0,0.0,2238.68
769900,0.0,0.0,0.0
770000,0.0,0.0,0.0
770002,0.0,0.0,0.0
770700,0.0,0.0,0.0
770702,0.0,0.0,0.0
770704,0.0,0.0,0.0
770708,0.0,0.0,0.0
770710,0.0,0.0,0.0
771200,0.0,0.0,0.0
771202,0.0,0.0,0.0
771204,0.0,0.0,0.0
771206,0.0,0.0,0.0
772500,0.0,0.0,0.0
772502,0.0,0.0,0.0
772504,0.0,0.0,0.0
772506,0.0,0.0,0.0
772508,0.0,0.0,0.0
772510,0.0,0.0,0.0
772512,0.0,0.0,0.0
772514,0.0,0.0,0.0
772518,0.0,0.0,0.0
772520,0.0,0.0,0.0
772522,0.0,0.0,0.0
772526,0.0,0.0,0.0
773000,0.0,0.0,0.0
773002,0.0,0.0,0.0
773004,0.0,0.0,0.0
777001,0.0,0.0,0.0
780800,125.0,0.0,3521.19
780810,156.0,0.0,4876.789999999999
780832,44.0,0.0,1104.96
780852,0.0,0.0,0.0
780860,0.0,0.0,0.0
792810,158.0,0.0,7787.91
807130,0.0,0.0,0.0
807132,0.0,0.0,0.0
807134,0.0,0.0,0.0
807138,0.0,0.0,0.0
807139,0.0,0.0,0.0
807140,0.0,0.0,0.0
807141,0.0,0.0,0.0
807142,0.0,0.0,0.0
807200,0.0,0.0,0.0
807412,0.0,0.0,0.0
807415,99.0,0.0,12799.939999999999
807417,0.0,0.0,0.0
816200,36.0,0.0,857.6699999999998
816201,11.0,0.0,263.17
816202,81.0,0.0,2427.3
816204,138.0,0.0,1953.2200000000003
816206,42.0,0.0,607.57
816208,8.0,0.0,115.45
816300,222.0,0.0,6553.68
816301,206.0,0.0,6063.26
816302,0.0,0.0,0.0
817300,118.0,0.0,3185.8199999999997
817301,0.0,0.0,0.0
817302,0.0,0.0,0.0
817304,70.0,0.0,1563.51
817308,68.0,0.0,1626.83
817320,195.0,0.0,7336.150000000001
817700,296.0,0.0,5759.93
817702,136.0,0.0,2630.71
817706,373.0,0.0,7235.65
817708,439.0,0.0,8476.45
822800,1315.0,0.0,111809.09999999999
822801,400.0,0.0,21244.460000000003
822802,332.0,0.0,15306.480000000001
827100,120.0,0.0,4320.0
835000,0.0,0.0,0.0
835001,0.0,0.0,0.0
835002,0.0,0.0,0.0
835100,0.0,0.0,0.0
835110,0.0,0.0,0.0
835120,0.0,0.0,0.0
837800,109.0,0.0,4739.76
837810,62.0,0.0,2694.15
837814,73.0,0.0,3176.5000000000005
837816,52.0,0.0,2256.9500000000003
837822,0.0,0.0,0.0
837824,0.0,0.0,0.0
847800,132.0,0.0,6979.94
847802,0.0,0.0,0.0
847803,487.0,0.0,27342.64
847805,120.0,0.0,7514.139999999999
847807,60.0,0.0,4292.06
847809,0.0,0.0,0.0
847815,0.0,0.0,0.0
847822,0.0,0.0,0.0
847824,0.0,0.0,0.0
847826,180.0,0.0,4155.160000000001
847830,0.0,0.0,0.0
847834,0.0,0.0,0.0
847835,0.0,0.0,0.0
847836,0.0,0.0,0.0
847837,0.0,0.0,0.0
847838,90.0,0.0,5619.24
847839,1.0,0.0,103.02
847840,12.0,0.0,1067.9099999999999
847841,8.0,0.0,150.20999999999998
847842,0.0,0.0,0.0
847843,1.0,0.0,31.22
847844,1.0,0.0,120.26
847845,0.0,0.0,0.0
847846,0.0,0.0,0.0
857810,908.0,0.0,31261.69
857815,0.0,0.0,0.0
857820,2130.0,0.0,73622.44
860000,26.0,0.0,708.7900000000001
860001,31.0,0.0,825.16
860002,14.0,0.0,391.26
860003,18.0,0.0,488.67
860004,7.0,0.0,187.91
860005,7.0,0.0,196.14
860006,32.0,0.0,873.6800000000001
860007,0.0,0.0,0.0
860008,22.0,0.0,598.3199999999999
860009,25.0,0.0,684.98
860010,22.0,0.0,599.61
860011,13.0,0.0,346.45
860012,4.0,0.0,109.59
860013,21.0,0.0,560.1099999999999
860014,27.0,0.0,735.2399999999999
860015,25.0,0.0,665.2300000000001
860016,19.0,0.0,504.93
860017,18.0,0.0,479.56
860018,2.0,0.0,56.24
860019,23.0,0.0,611.6599999999999
860020,18.0,0.0,479.63999999999993
860021,0.0,0.0,0.0
860022,0.0,0.0,0.0
860023,0.0,0.0,0.0
860024,0.0,0.0,0.0
860025,0.0,0.0,0.0
860026,0.0,0.0,0.0
860027,0.0,0.0,0.0
860028,0.0,0.0,0.0
860029,0.0,0.0,0.0
860030,0.0,0.0,0.0
860032,0.0,0.0,0.0
860034,0.0,0.0,0.0
860035,0.0,0.0,0.0
860036,0.0,0.0,0.0
860037,0.0,0.0,0.0
860038,0.0,0.0,0.0
860039,0.0,0.0,0.0
860040,0.0,0.0,0.0
860042,12.0,0.0,638.1800000000001
860044,6.0,0.0,305.4
860046,8.0,0.0,422.53999999999996
860048,31.0,0.0,1038.35
860050,2.0,0.0,67.64
860052,8.0,0.0,425.69000000000005
860054,0.0,0.0,0.0
860056,7.0,0.0,227.61999999999998
860057,20.0,0.0,1059.61
860058,21.0,0.0,1687.77
860059,5.0,0.0,401.21000000000004
860060,1.0,0.0,80.25
860062,7.0,0.0,109.72
860063,6.0,0.0,73.72999999999999
860064,0.0,0.0,0.0
860065,6.0,0.0,74.23
860066,0.0,0.0,0.0
860067,4.0,0.0,50.06
860073,0.0,0.0,0.0
860074,0.0,0.0,0.0
860075,0.0,0.0,0.0
860078,0.0,0.0,0.0
860080,0.0,0.0,0.0
860082,0.0,0.0,0.0
860090,0.0,0.0,0.0
860094,0.0,0.0,0.0
860095,0.0,0.0,0.0
860097,0.0,0.0,0.0
860098,0.0,0.0,0.0
860099,0.0,0.0,0.0
860100,0.0,0.0,0.0
860102,2.0,0.0,68.02
860103,0.0,0.0,0.0
860104,15.0,0.0,438.6
860300,0.0,0.0,0.0
861000,82.0,0.0,470.46000000000004
861001,61.0,0.0,326.81
861002,67.0,0.0,719.9
861003,100.0,0.0,535.3199999999999
861004,39.0,0.0,948.69
861005,75.0,0.0,401.48999999999995
861100,32.0,0.0,352.35
861101,49.0,0.0,543.88
861102,31.0,0.0,340.66
861103,53.0,0.0,587.67
861104,25.0,0.0,276.28000000000003
861105,125.0,0.0,1387.92
861106,50.0,0.0,554.85
861107,38.0,0.0,421.96999999999997
861108,79.0,0.0,879.82
861109,47.0,0.0,521.26
861110,50.0,0.0,554.6299999999999
861111,44.0,0.0,668.7
861112,86.0,0.0,955.54
861113,35.0,0.0,531.7
861114,88.0,0.0,981.6999999999998
861115,76.0,0.0,842.48
861116,58.0,0.0,642.1899999999999
861117,50.0,0.0,555.3
861118,38.0,0.0,417.93999999999994
861119,15.0,0.0,166.87
861121,27.0,0.0,300.34
861122,34.0,0.0,377.66999999999996
861123,4.0,0.0,46.66
861124,107.0,0.0,1184.1
861125,72.0,0.0,801.0799999999999
861126,166.0,0.0,2690.14
861127,27.0,0.0,566.24
861200,47.0,0.0,690.19
861201,42.0,0.0,960.5799999999999
861202,94.0,0.0,2329.08
861203,37.0,0.0,465.35
861204,47.0,0.0,853.83
861205,37.0,0.0,671.94
861206,64.0,0.0,1436.04
861207,22.0,0.0,510.67
861208,64.0,0.0,1325.58
861209,74.0,0.0,2233.44
861210,0.0,0.0,0.0
861211,43.0,0.0,631.1
861212,33.0,0.0,484.73
861213,108.0,0.0,1021.95
861214,43.0,0.0,1468.05
861215,56.0,0.0,2912.26
861400,7.0,0.0,103.59
861401,12.0,0.0,176.63
861402,29.0,0.0,425.71999999999997
861403,86.0,0.0,1569.31
861404,7.0,0.0,102.72
861405,48.0,0.0,708.23
861500,64.0,0.0,3117.8
861501,134.0,0.0,2896.94
861502,49.0,0.0,581.81
861503,132.0,0.0,2488.66
861504,105.0,0.0,1980.3799999999999
861505,53.0,0.0,945.02
861506,76.0,0.0,1169.15
861507,47.0,0.0,656.35
861508,46.0,0.0,515.98
861509,28.0,0.0,591.02
861510,48.0,0.0,1305.1499999999999
861511,49.0,0.0,1702.8399999999997
861512,24.0,0.0,271.40999999999997
861513,70.0,0.0,1047.24
861514,74.0,0.0,1150.02
861516,26.0,0.0,297.74
861517,35.0,0.0,1004.07
861518,72.0,0.0,1397.7
861519,62.0,0.0,997.62
861701,0.0,0.0,0.0
861702,8.0,0.0,44.48
861703,10.0,0.0,57.6
861704,5.0,0.0,223.75
861705,33.0,0.0,275.22
861706,25.0,0.0,850.75
861707,27.0,0.0,326.13
861708,0.0,0.0,0.0
861800,44.0,0.0,734.25
861801,39.0,0.0,844.02
861803,51.0,0.0,2077.0699999999997
861804,73.0,0.0,1308.05
861805,5.0,0.0,89.84
861806,33.0,0.0,591.96
861807,13.0,0.0,233.76
861808,61.0,0.0,1915.25
861809,38.0,0.0,680.87
861810,27.0,0.0,484.44
861811,29.0,0.0,520.88
861812,40.0,0.0,718.88
861813,32.0,0.0,658.47
861814,42.0,0.0,814.87
862536,16.0,0.0,230.64999999999998
862537,0.0,0.0,0.0
862538,45.0,0.0,647.28
862540,1.0,0.0,68.1
862541,34.0,0.0,759.0799999999999
862550,0.0,0.0,0.0
862554,1.0,0.0,94.42
862555,0.0,0.0,0.0
862556,3.0,0.0,153.96
862557,5.0,0.0,256.6
862558,0.0,0.0,0.0
862600,0.0,0.0,0.0
862606,8.0,0.0,459.5
862610,0.0,0.0,0.0
862612,0.0,0.0,0.0
862630,0.0,0.0,0.0
862702,20.0,0.0,966.98
862703,0.0,0.0,0.0
862704,0.0,0.0,0.0
862706,25.0,0.0,2757.8
862708,0.0,0.0,0.0
862709,0.0,0.0,0.0
862710,112.0,0.0,1516.4099999999999
862711,103.0,0.0,1398.0700000000002
862712,93.0,0.0,1259.8000000000002
862713,102.0,0.0,1381.6399999999999
862714,58.0,0.0,781.9599999999999
862715,59.0,0.0,793.1600000000001
862800,46.0,0.0,2911.36
862802,0.0,0.0,0.0
862804,38.0,0.0,3320.39
862806,17.0,0.0,596.42
862808,0.0,0.0,0.0
862810,16.0,0.0,1034.67
862811,26.0,0.0,1676.31
862812,11.0,0.0,711.51
863100,0.0,0.0,0.0
863102,15.0,0.0,191.7
863200,0.0,0.0,0.0
863201,0.0,0.0,0.0
863202,1.0,0.0,56.61
863203,0.0,0.0,0.0
863204,9.0,0.0,747.3900000000001
863205,0.0,0.0,0.0
863206,6.0,0.0,535.47
863207,17.0,0.0,756.8
863208,12.0,0.0,282.17999999999995
863210,0.0,0.0,0.0
863240,11.0,0.0,739.14
863500,15.0,0.0,231.26
864000,0.0,0.0,0.0
864010,74.0,0.0,1558.25
867900,333.0,0.0,8179.17
870700,0.0,0.0,0.0
870702,0.0,0.0,0.0
872800,0.0,0.0,0.0
872810,0.0,0.0,0.0
872820,0.0,0.0,0.0
872830,0.0,0.0,0.0
872832,0.0,0.0,0.0
872834,0.0,0.0,0.0
872836,0.0,0.0,0.0
872838,0.0,0.0,0.0
872848,0.0,0.0,0.0
877800,0.0,0.0,0.0
877810,190.0,0.0,22037.16
877811,0.0,0.0,0.0
877812,147.0,0.0,9980.35
877813,69.0,0.0,9229.210000000001
887100,75.0,0.0,8159.950000000001
887130,0.0,0.0,0.0
891300,0.0,0.0,0.0
897700,159.0,0.0,5828.98
897710,0.0,0.0,0.0
897720,0.0,0.0,0.0
900500,301.0,0.0,5903.82
900502,0.0,0.0,0.0
900504,48.0,0.0,945.0699999999999
900506,7.0,0.0,136.76
900508,33.0,0.0,645.63
900510,2.0,0.0,39.540000000000006
900512,53.0,0.0,1038.42
900514,0.0,0.0,0.0
900516,82.0,0.0,1609.4499999999998
900518,29.0,0.0,566.95
900520,0.0,0.0,0.0
900522,35.0,0.0,684.1500000000001
915010,37.0,0.0,2561.29
915014,15.0,0.0,1043.21
915016,25.0,0.0,1728.86
915018,10.0,0.0,663.1400000000001
920100,0.0,0.0,0.0
920102,0.0,0.0,0.0
920103,0.0,0.0,0.0
920104,0.0,0.0,0.0
920106,0.0,0.0,0.0
920107,0.0,0.0,0.0
920110,0.0,0.0,0.0
920112,0.0,0.0,0.0
920116,0.0,0.0,0.0
920120,0.0,0.0,0.0
920122,0.0,0.0,0.0
930400,49.0,0.0,1288.45
930410,71.0,0.0,1861.55
930430,32.0,0.0,777.1800000000001
930440,26.0,0.0,646.0
930450,13.0,0.0,378.74999999999994
930460,82.0,0.0,1988.1100000000001
930462,71.0,0.0,2058.25
930464,57.0,0.0,1315.33
930466,44.0,0.0,1017.17
930500,37.0,0.0,1006.88
930502,0.0,0.0,0.0
930510,17.0,0.0,410.99
930520,0.0,0.0,0.0
930530,123.0,0.0,3497.0699999999997
930540,40.0,0.0,1171.33
930545,85.0,0.0,2217.03
930550,16.0,0.0,462.77000000000004
930560,4.0,0.0,108.3
930570,11.0,0.0,298.02
930580,12.0,0.0,324.01
930590,6.0,0.0,163.23
930591,11.0,0.0,295.72
930592,29.0,0.0,785.0699999999999
930594,177.0,0.0,4803.23
930596,0.0,0.0,0.0
930600,13.0,0.0,380.68
933200,261.0,0.0,10850.03
933210,143.0,0.0,4947.5599999999995
933220,97.0,0.0,3223.2799999999997
933230,217.0,0.0,7172.41
933240,75.0,0.0,2858.12
933250,34.0,0.0,1286.02
933260,0.0,0.0,0.0
933270,5.0,0.0,184.75
933280,29.0,0.0,983.59
933290,0.0,0.0,0.0
933292,3.0,0.0,98.85
942800,152.0,0.0,12651.699999999999
942801,0.0,0.0,0.0
942802,150.0,0.0,12481.449999999999
942804,0.0,0.0,0.0
942900,143.0,0.0,2276.3999999999996
945002,0.0,0.0,0.0
956100,0.0,0.0,0.0
956104,104.0,0.0,3174.83
956120,265.0,0.0,7464.800000000001
956122,0.0,0.0,0.0
956125,319.0,0.0,9263.18
956127,0.0,0.0,0.0
956129,127.0,0.0,3648.7300000000005
956130,248.0,0.0,8459.67
956136,165.0,0.0,5636.400000000001
956138,52.0,0.0,1788.7300000000002
956140,35.0,0.0,1194.1600000000003
956150,0.0,0.0,0.0
956700,0.0,0.0,0.0
956702,0.0,0.0,0.0
956810,479.0,0.0,29640.17
956814,1533.0,0.0,94774.41
956820,1290.0,0.0,79929.54000000001
956869,0.0,0.0,0.0
956870,0.0,0.0,0.0
956872,0.0,0.0,0.0
956874,0.0,0.0,0.0
956876,0.0,0.0,0.0
956878,0.0,0.0,0.0
956880,0.0,0.0,0.0
956881,0.0,0.0,0.0
956882,0.0,0.0,0.0
956884,0.0,0.0,0.0
956886,0.0,0.0,0.0
956890,141.0,0.0,8275.52
957500,0.0,0.0,0.0
957501,0.0,0.0,0.0
957502,0.0,0.0,0.0
957504,0.0,0.0,0.0
957506,0.0,0.0,0.0
957508,0.0,0.0,0.0
957510,0.0,0.0,0.0
957512,0.0,0.0,0.0
957513,0.0,0.0,0.0
957514,0.0,0.0,0.0
957516,0.0,0.0,0.0
957518,0.0,0.0,0.0
957520,0.0,0.0,0.0
957522,0.0,0.0,0.0
957524,0.0,0.0,0.0
957526,0.0,0.0,0.0
957528,0.0,0.0,0.0
957530,0.0,0.0,0.0
957532,0.0,0.0,0.0
957534,0.0,0.0,0.0
957536,0.0,0.0,0.0
957538,0.0,0.0,0.0
957539,0.0,0.0,0.0
957700,0.0,0.0,0.0
957794,52.0,0.0,2849.8500000000004
957796,0.0,0.0,0.0
957797,30.0,0.0,1841.22
957799,58.0,0.0,3549.08
957800,243.0,0.0,17783.48
957801,127.0,0.0,9291.94
957802,140.0,0.0,10453.26
957803,52.0,0.0,3804.0099999999998
957877,0.0,0.0,0.0
957879,0.0,0.0,0.0
957880,21.0,0.0,912.1200000000001
957892,49.0,0.0,3167.02
957893,0.0,0.0,0.0
957894,17.0,0.0,789.1700000000001
966000,0.0,0.0,0.0
966860,302.0,0.0,9408.330000000002
966862,16.0,0.0,598.45
966864,285.0,0.0,9453.59
966866,67.0,0.0,2285.38
966868,205.0,0.0,7001.57
966870,34.0,0.0,2102.26
967820,108.0,0.0,3552.81
967821,142.0,0.0,4672.94
967822,73.0,0.0,2399.4200000000005
967824,61.0,0.0,2007.4399999999998
967825,38.0,0.0,2142.45
967826,27.0,0.0,1523.15
967827,19.0,0.0,1071.5
967828,16.0,0.0,1082.85
967829,51.0,0.0,2481.17
967830,74.0,0.0,3599.62
967851,0.0,0.0,0.0
967854,0.0,0.0,0.0
975110,89.0,0.0,3433.4300000000003
975111,388.0,0.0,10417.22
975112,180.0,0.0,4836.84
975113,83.0,0.0,2227.2700000000004
975878,0.0,0.0,0.0
975879,0.0,0.0,0.0
975880,0.0,0.0,0.0
983125,0.0,0.0,0.0
983150,0.0,0.0,0.0
983325,0.0,0.0,0.0
983350,0.0,0.0,0.0
983425,0.0,0.0,0.0
983525,0.0,0.0,0.0
983550,0.0,0.0,0.0
983725,0.0,0.0,0.0
983750,0.0,0.0,0.0
